0 verbose cli /home/alex/.hermes/node/bin/node /home/alex/.local/bin/npm
1 info using npm@10.9.8
2 info using node@v22.23.1
3 silly config load:file:/home/alex/.hermes/node/lib/node_modules/npm/npmrc
4 silly config load:file:/home/alex/seo-codex/.runtime/workspaces/algeria-melbet-20260729-065753/.npmrc
5 silly config load:file:/home/alex/.npmrc
6 silly config load:file:/home/alex/.hermes/node/etc/npmrc
7 verbose title npm ci
8 verbose argv "ci" "--cache" ".npm-cache"
9 verbose logfile logs-max:10 dir:/home/alex/seo-codex/.runtime/workspaces/algeria-melbet-20260729-065753/.npm-cache/_logs/2026-07-29T07_13_00_993Z-
10 verbose logfile /home/alex/seo-codex/.runtime/workspaces/algeria-melbet-20260729-065753/.npm-cache/_logs/2026-07-29T07_13_00_993Z-debug-0.log
11 silly logfile done cleaning log files
12 http fetch GET https://registry.npmjs.org/npm attempt 1 failed with EAI_AGAIN
13 silly packumentCache heap:4345298944 maxSize:1086324736 maxEntrySize:543162368
14 silly idealTree buildDeps
15 silly reify moves {}
16 verbose reify failed optional dependency /home/alex/seo-codex/.runtime/workspaces/algeria-melbet-20260729-065753/node_modules/@tailwindcss/oxide-wasm32-wasi
17 silly reify mark deleted [
17 silly reify   '/home/alex/seo-codex/.runtime/workspaces/algeria-melbet-20260729-065753/node_modules/@tailwindcss/oxide-wasm32-wasi'
17 silly reify ]
18 silly audit bulk request {
18 silly audit   '@alloc/quick-lru': [ '5.2.0' ],
18 silly audit   '@babel/code-frame': [ '7.29.0' ],
18 silly audit   '@babel/compat-data': [ '7.29.0' ],
18 silly audit   '@babel/core': [ '7.29.0' ],
18 silly audit   '@babel/generator': [ '7.29.1' ],
18 silly audit   '@babel/helper-compilation-targets': [ '7.28.6' ],
18 silly audit   '@babel/helper-globals': [ '7.28.0' ],
18 silly audit   '@babel/helper-module-imports': [ '7.28.6' ],
18 silly audit   '@babel/helper-module-transforms': [ '7.28.6' ],
18 silly audit   '@babel/helper-string-parser': [ '7.27.1' ],
18 silly audit   '@babel/helper-validator-identifier': [ '7.28.5' ],
18 silly audit   '@babel/helper-validator-option': [ '7.27.1' ],
18 silly audit   '@babel/helpers': [ '7.29.2' ],
18 silly audit   '@babel/parser': [ '7.29.2' ],
18 silly audit   '@babel/template': [ '7.28.6' ],
18 silly audit   '@babel/traverse': [ '7.29.0' ],
18 silly audit   '@babel/types': [ '7.29.0' ],
18 silly audit   '@emnapi/core': [ '1.9.2' ],
18 silly audit   '@emnapi/runtime': [ '1.9.2' ],
18 silly audit   '@emnapi/wasi-threads': [ '1.2.1' ],
18 silly audit   '@eslint-community/eslint-utils': [ '4.9.1' ],
18 silly audit   'eslint-visitor-keys': [ '3.4.3', '5.0.1', '4.2.1' ],
18 silly audit   '@eslint-community/regexpp': [ '4.12.2' ],
18 silly audit   '@eslint/config-array': [ '0.21.2' ],
18 silly audit   '@eslint/config-helpers': [ '0.4.2' ],
18 silly audit   '@eslint/core': [ '0.17.0' ],
18 silly audit   '@eslint/eslintrc': [ '3.3.5' ],
18 silly audit   '@eslint/js': [ '9.39.4' ],
18 silly audit   '@eslint/object-schema': [ '2.1.7' ],
18 silly audit   '@eslint/plugin-kit': [ '0.4.1' ],
18 silly audit   '@humanfs/core': [ '0.19.1' ],
18 silly audit   '@humanfs/node': [ '0.16.7' ],
18 silly audit   '@humanwhocodes/module-importer': [ '1.0.1' ],
18 silly audit   '@humanwhocodes/retry': [ '0.4.3' ],
18 silly audit   '@img/colour': [ '1.1.0' ],
18 silly audit   '@img/sharp-darwin-arm64': [ '0.34.5' ],
18 silly audit   '@img/sharp-darwin-x64': [ '0.34.5' ],
18 silly audit   '@img/sharp-libvips-darwin-arm64': [ '1.2.4' ],
18 silly audit   '@img/sharp-libvips-darwin-x64': [ '1.2.4' ],
18 silly audit   '@img/sharp-libvips-linux-arm': [ '1.2.4' ],
18 silly audit   '@img/sharp-libvips-linux-arm64': [ '1.2.4' ],
18 silly audit   '@img/sharp-libvips-linux-ppc64': [ '1.2.4' ],
18 silly audit   '@img/sharp-libvips-linux-riscv64': [ '1.2.4' ],
18 silly audit   '@img/sharp-libvips-linux-s390x': [ '1.2.4' ],
18 silly audit   '@img/sharp-libvips-linux-x64': [ '1.2.4' ],
18 silly audit   '@img/sharp-libvips-linuxmusl-arm64': [ '1.2.4' ],
18 silly audit   '@img/sharp-libvips-linuxmusl-x64': [ '1.2.4' ],
18 silly audit   '@img/sharp-linux-arm': [ '0.34.5' ],
18 silly audit   '@img/sharp-linux-arm64': [ '0.34.5' ],
18 silly audit   '@img/sharp-linux-ppc64': [ '0.34.5' ],
18 silly audit   '@img/sharp-linux-riscv64': [ '0.34.5' ],
18 silly audit   '@img/sharp-linux-s390x': [ '0.34.5' ],
18 silly audit   '@img/sharp-linux-x64': [ '0.34.5' ],
18 silly audit   '@img/sharp-linuxmusl-arm64': [ '0.34.5' ],
18 silly audit   '@img/sharp-linuxmusl-x64': [ '0.34.5' ],
18 silly audit   '@img/sharp-wasm32': [ '0.34.5' ],
18 silly audit   '@img/sharp-win32-arm64': [ '0.34.5' ],
18 silly audit   '@img/sharp-win32-ia32': [ '0.34.5' ],
18 silly audit   '@img/sharp-win32-x64': [ '0.34.5' ],
18 silly audit   '@jridgewell/gen-mapping': [ '0.3.13' ],
18 silly audit   '@jridgewell/remapping': [ '2.3.5' ],
18 silly audit   '@jridgewell/resolve-uri': [ '3.1.2' ],
18 silly audit   '@jridgewell/sourcemap-codec': [ '1.5.5' ],
18 silly audit   '@jridgewell/trace-mapping': [ '0.3.31' ],
18 silly audit   '@napi-rs/wasm-runtime': [ '0.2.12' ],
18 silly audit   '@next/env': [ '16.2.6' ],
18 silly audit   '@next/eslint-plugin-next': [ '16.2.6' ],
18 silly audit   '@next/swc-darwin-arm64': [ '16.2.6' ],
18 silly audit   '@next/swc-darwin-x64': [ '16.2.6' ],
18 silly audit   '@next/swc-linux-arm64-gnu': [ '16.2.6' ],
18 silly audit   '@next/swc-linux-arm64-musl': [ '16.2.6' ],
18 silly audit   '@next/swc-linux-x64-gnu': [ '16.2.6' ],
18 silly audit   '@next/swc-linux-x64-musl': [ '16.2.6' ],
18 silly audit   '@next/swc-win32-arm64-msvc': [ '16.2.6' ],
18 silly audit   '@next/swc-win32-x64-msvc': [ '16.2.6' ],
18 silly audit   '@nodelib/fs.scandir': [ '2.1.5' ],
18 silly audit   '@nodelib/fs.stat': [ '2.0.5' ],
18 silly audit   '@nodelib/fs.walk': [ '1.2.8' ],
18 silly audit   '@nolyfill/is-core-module': [ '1.0.39' ],
18 silly audit   '@rtsao/scc': [ '1.1.0' ],
18 silly audit   '@swc/helpers': [ '0.5.15' ],
18 silly audit   '@tailwindcss/node': [ '4.2.2' ],
18 silly audit   '@tailwindcss/oxide': [ '4.2.2' ],
18 silly audit   '@tailwindcss/oxide-android-arm64': [ '4.2.2' ],
18 silly audit   '@tailwindcss/oxide-darwin-arm64': [ '4.2.2' ],
18 silly audit   '@tailwindcss/oxide-darwin-x64': [ '4.2.2' ],
18 silly audit   '@tailwindcss/oxide-freebsd-x64': [ '4.2.2' ],
18 silly audit   '@tailwindcss/oxide-linux-arm-gnueabihf': [ '4.2.2' ],
18 silly audit   '@tailwindcss/oxide-linux-arm64-gnu': [ '4.2.2' ],
18 silly audit   '@tailwindcss/oxide-linux-arm64-musl': [ '4.2.2' ],
18 silly audit   '@tailwindcss/oxide-linux-x64-gnu': [ '4.2.2' ],
18 silly audit   '@tailwindcss/oxide-linux-x64-musl': [ '4.2.2' ],
18 silly audit   '@tailwindcss/oxide-win32-arm64-msvc': [ '4.2.2' ],
18 silly audit   '@tailwindcss/oxide-win32-x64-msvc': [ '4.2.2' ],
18 silly audit   '@tailwindcss/postcss': [ '4.2.2' ],
18 silly audit   '@tybys/wasm-util': [ '0.10.1' ],
18 silly audit   '@types/estree': [ '1.0.8' ],
18 silly audit   '@types/json-schema': [ '7.0.15' ],
18 silly audit   '@types/json5': [ '0.0.29' ],
18 silly audit   '@types/node': [ '20.19.39' ],
18 silly audit   '@types/react': [ '19.2.14' ],
18 silly audit   '@types/react-dom': [ '19.2.3' ],
18 silly audit   '@typescript-eslint/eslint-plugin': [ '8.58.1' ],
18 silly audit   ignore: [ '7.0.5', '5.3.2' ],
18 silly audit   '@typescript-eslint/parser': [ '8.58.1' ],
18 silly audit   '@typescript-eslint/project-service': [ '8.58.1' ],
18 silly audit   '@typescript-eslint/scope-manager': [ '8.58.1' ],
18 silly audit   '@typescript-eslint/tsconfig-utils': [ '8.58.1' ],
18 silly audit   '@typescript-eslint/type-utils': [ '8.58.1' ],
18 silly audit   '@typescript-eslint/types': [ '8.58.1' ],
18 silly audit   '@typescript-eslint/typescript-estree': [ '8.58.1' ],
18 silly audit   'balanced-match': [ '4.0.4', '1.0.2' ],
18 silly audit   'brace-expansion': [ '5.0.6', '1.1.13' ],
18 silly audit   minimatch: [ '10.2.5', '3.1.5' ],
18 silly audit   semver: [ '7.7.4', '6.3.1' ],
18 silly audit   '@typescript-eslint/utils': [ '8.58.1' ],
18 silly audit   '@typescript-eslint/visitor-keys': [ '8.58.1' ],
18 silly audit   '@unrs/resolver-binding-android-arm-eabi': [ '1.11.1' ],
18 silly audit   '@unrs/resolver-binding-android-arm64': [ '1.11.1' ],
18 silly audit   '@unrs/resolver-binding-darwin-arm64': [ '1.11.1' ],
18 silly audit   '@unrs/resolver-binding-darwin-x64': [ '1.11.1' ],
18 silly audit   '@unrs/resolver-binding-freebsd-x64': [ '1.11.1' ],
18 silly audit   '@unrs/resolver-binding-linux-arm-gnueabihf': [ '1.11.1' ],
18 silly audit   '@unrs/resolver-binding-linux-arm-musleabihf': [ '1.11.1' ],
18 silly audit   '@unrs/resolver-binding-linux-arm64-gnu': [ '1.11.1' ],
18 silly audit   '@unrs/resolver-binding-linux-arm64-musl': [ '1.11.1' ],
18 silly audit   '@unrs/resolver-binding-linux-ppc64-gnu': [ '1.11.1' ],
18 silly audit   '@unrs/resolver-binding-linux-riscv64-gnu': [ '1.11.1' ],
18 silly audit   '@unrs/resolver-binding-linux-riscv64-musl': [ '1.11.1' ],
18 silly audit   '@unrs/resolver-binding-linux-s390x-gnu': [ '1.11.1' ],
18 silly audit   '@unrs/resolver-binding-linux-x64-gnu': [ '1.11.1' ],
18 silly audit   '@unrs/resolver-binding-linux-x64-musl': [ '1.11.1' ],
18 silly audit   '@unrs/resolver-binding-wasm32-wasi': [ '1.11.1' ],
18 silly audit   '@unrs/resolver-binding-win32-arm64-msvc': [ '1.11.1' ],
18 silly audit   '@unrs/resolver-binding-win32-ia32-msvc': [ '1.11.1' ],
18 silly audit   '@unrs/resolver-binding-win32-x64-msvc': [ '1.11.1' ],
18 silly audit   acorn: [ '8.16.0' ],
18 silly audit   'acorn-jsx': [ '5.3.2' ],
18 silly audit   ajv: [ '6.14.0' ],
18 silly audit   'ansi-styles': [ '4.3.0' ],
18 silly audit   argparse: [ '2.0.1' ],
18 silly audit   'aria-query': [ '5.3.2' ],
18 silly audit   'array-buffer-byte-length': [ '1.0.2' ],
18 silly audit   'array-includes': [ '3.1.9' ],
18 silly audit   'array.prototype.findlast': [ '1.2.5' ],
18 silly audit   'array.prototype.findlastindex': [ '1.2.6' ],
18 silly audit   'array.prototype.flat': [ '1.3.3' ],
18 silly audit   'array.prototype.flatmap': [ '1.3.3' ],
18 silly audit   'array.prototype.tosorted': [ '1.1.4' ],
18 silly audit   'arraybuffer.prototype.slice': [ '1.0.4' ],
18 silly audit   'ast-types-flow': [ '0.0.8' ],
18 silly audit   'async-function': [ '1.0.0' ],
18 silly audit   'available-typed-arrays': [ '1.0.7' ],
18 silly audit   'axe-core': [ '4.11.2' ],
18 silly audit   'axobject-query': [ '4.1.0' ],
18 silly audit   'baseline-browser-mapping': [ '2.10.16' ],
18 silly audit   braces: [ '3.0.3' ],
18 silly audit   browserslist: [ '4.28.2' ],
18 silly audit   'call-bind': [ '1.0.8' ],
18 silly audit   'call-bind-apply-helpers': [ '1.0.2' ],
18 silly audit   'call-bound': [ '1.0.4' ],
18 silly audit   callsites: [ '3.1.0' ],
18 silly audit   'caniuse-lite': [ '1.0.30001787' ],
18 silly audit   chalk: [ '4.1.2' ],
18 silly audit   'client-only': [ '0.0.1' ],
18 silly audit   'color-convert': [ '2.0.1' ],
18 silly audit   'color-name': [ '1.1.4' ],
18 silly audit   'concat-map': [ '0.0.1' ],
18 silly audit   'convert-source-map': [ '2.0.0' ],
18 silly audit   'cross-spawn': [ '7.0.6' ],
18 silly audit   csstype: [ '3.2.3' ],
18 silly audit   'damerau-levenshtein': [ '1.0.8' ],
18 silly audit   'data-view-buffer': [ '1.0.2' ],
18 silly audit   'data-view-byte-length': [ '1.0.2' ],
18 silly audit   'data-view-byte-offset': [ '1.0.1' ],
18 silly audit   debug: [ '4.4.3', '3.2.7' ],
18 silly audit   'deep-is': [ '0.1.4' ],
18 silly audit   'define-data-property': [ '1.1.4' ],
18 silly audit   'define-properties': [ '1.2.1' ],
18 silly audit   'detect-libc': [ '2.1.2' ],
18 silly audit   doctrine: [ '2.1.0' ],
18 silly audit   'dunder-proto': [ '1.0.1' ],
18 silly audit   'electron-to-chromium': [ '1.5.334' ],
18 silly audit   'emoji-regex': [ '9.2.2' ],
18 silly audit   'enhanced-resolve': [ '5.20.1' ],
18 silly audit   'es-abstract': [ '1.24.2' ],
18 silly audit   'es-define-property': [ '1.0.1' ],
18 silly audit   'es-errors': [ '1.3.0' ],
18 silly audit   'es-iterator-helpers': [ '1.3.1' ],
18 silly audit   'es-object-atoms': [ '1.1.1' ],
18 silly audit   'es-set-tostringtag': [ '2.1.0' ],
18 silly audit   'es-shim-unscopables': [ '1.1.0' ],
18 silly audit   'es-to-primitive': [ '1.3.0' ],
18 silly audit   escalade: [ '3.2.0' ],
18 silly audit   'escape-string-regexp': [ '4.0.0' ],
18 silly audit   eslint: [ '9.39.4' ],
18 silly audit   'eslint-config-next': [ '16.2.6' ],
18 silly audit   globals: [ '16.4.0', '14.0.0' ],
18 silly audit   'eslint-import-resolver-node': [ '0.3.10' ],
18 silly audit   'eslint-import-resolver-typescript': [ '3.10.1' ],
18 silly audit   'eslint-module-utils': [ '2.12.1' ],
18 silly audit   'eslint-plugin-import': [ '2.32.0' ],
18 silly audit   'eslint-plugin-jsx-a11y': [ '6.10.2' ],
18 silly audit   'eslint-plugin-react': [ '7.37.5' ],
18 silly audit   'eslint-plugin-react-hooks': [ '7.0.1' ],
18 silly audit   'eslint-scope': [ '8.4.0' ],
18 silly audit   espree: [ '10.4.0' ],
18 silly audit   esquery: [ '1.7.0' ],
18 silly audit   esrecurse: [ '4.3.0' ],
18 silly audit   estraverse: [ '5.3.0' ],
18 silly audit   esutils: [ '2.0.3' ],
18 silly audit   'fast-deep-equal': [ '3.1.3' ],
18 silly audit   'fast-glob': [ '3.3.1' ],
18 silly audit   'glob-parent': [ '5.1.2', '6.0.2' ],
18 silly audit   'fast-json-stable-stringify': [ '2.1.0' ],
18 silly audit   'fast-levenshtein': [ '2.0.6' ],
18 silly audit   fastq: [ '1.20.1' ],
18 silly audit   'file-entry-cache': [ '8.0.0' ],
18 silly audit   'fill-range': [ '7.1.1' ],
18 silly audit   'find-up': [ '5.0.0' ],
18 silly audit   'flat-cache': [ '4.0.1' ],
18 silly audit   flatted: [ '3.4.2' ],
18 silly audit   'for-each': [ '0.3.5' ],
18 silly audit   'framer-motion': [ '12.38.0' ],
18 silly audit   'function-bind': [ '1.1.2' ],
18 silly audit   'function.prototype.name': [ '1.1.8' ],
18 silly audit   'functions-have-names': [ '1.2.3' ],
18 silly audit   'generator-function': [ '2.0.1' ],
18 silly audit   gensync: [ '1.0.0-beta.2' ],
18 silly audit   'get-intrinsic': [ '1.3.0' ],
18 silly audit   'get-proto': [ '1.0.1' ],
18 silly audit   'get-symbol-description': [ '1.1.0' ],
18 silly audit   'get-tsconfig': [ '4.13.7' ],
18 silly audit   globalthis: [ '1.0.4' ],
18 silly audit   gopd: [ '1.2.0' ],
18 silly audit   'graceful-fs': [ '4.2.11' ],
18 silly audit   'has-bigints': [ '1.1.0' ],
18 silly audit   'has-flag': [ '4.0.0' ],
18 silly audit   'has-property-descriptors': [ '1.0.2' ],
18 silly audit   'has-proto': [ '1.2.0' ],
18 silly audit   'has-symbols': [ '1.1.0' ],
18 silly audit   'has-tostringtag': [ '1.0.2' ],
18 silly audit   hasown: [ '2.0.2' ],
18 silly audit   'hermes-estree': [ '0.25.1' ],
18 silly audit   'hermes-parser': [ '0.25.1' ],
18 silly audit   'import-fresh': [ '3.3.1' ],
18 silly audit   imurmurhash: [ '0.1.4' ],
18 silly audit   'internal-slot': [ '1.1.0' ],
18 silly audit   'is-array-buffer': [ '3.0.5' ],
18 silly audit   'is-async-function': [ '2.1.1' ],
18 silly audit   'is-bigint': [ '1.1.0' ],
18 silly audit   'is-boolean-object': [ '1.2.2' ],
18 silly audit   'is-bun-module': [ '2.0.0' ],
18 silly audit   'is-callable': [ '1.2.7' ],
18 silly audit   'is-core-module': [ '2.16.1' ],
18 silly audit   'is-data-view': [ '1.0.2' ],
18 silly audit   'is-date-object': [ '1.1.0' ],
18 silly audit   'is-extglob': [ '2.1.1' ],
18 silly audit   'is-finalizationregistry': [ '1.1.1' ],
18 silly audit   'is-generator-function': [ '1.1.2' ],
18 silly audit   'is-glob': [ '4.0.3' ],
18 silly audit   'is-map': [ '2.0.3' ],
18 silly audit   'is-negative-zero': [ '2.0.3' ],
18 silly audit   'is-number': [ '7.0.0' ],
18 silly audit   'is-number-object': [ '1.1.1' ],
18 silly audit   'is-regex': [ '1.2.1' ],
18 silly audit   'is-set': [ '2.0.3' ],
18 silly audit   'is-shared-array-buffer': [ '1.0.4' ],
18 silly audit   'is-string': [ '1.1.1' ],
18 silly audit   'is-symbol': [ '1.1.1' ],
18 silly audit   'is-typed-array': [ '1.1.15' ],
18 silly audit   'is-weakmap': [ '2.0.2' ],
18 silly audit   'is-weakref': [ '1.1.1' ],
18 silly audit   'is-weakset': [ '2.0.4' ],
18 silly audit   isarray: [ '2.0.5' ],
18 silly audit   isexe: [ '2.0.0' ],
18 silly audit   'iterator.prototype': [ '1.1.5' ],
18 silly audit   jiti: [ '2.6.1' ],
18 silly audit   'js-tokens': [ '4.0.0' ],
18 silly audit   'js-yaml': [ '4.1.1' ],
18 silly audit   jsesc: [ '3.1.0' ],
18 silly audit   'json-buffer': [ '3.0.1' ],
18 silly audit   'json-schema-traverse': [ '0.4.1' ],
18 silly audit   'json-stable-stringify-without-jsonify': [ '1.0.1' ],
18 silly audit   json5: [ '2.2.3', '1.0.2' ],
18 silly audit   'jsx-ast-utils': [ '3.3.5' ],
18 silly audit   keyv: [ '4.5.4' ],
18 silly audit   'language-subtag-registry': [ '0.3.23' ],
18 silly audit   'language-tags': [ '1.0.9' ],
18 silly audit   lenis: [ '1.3.21' ],
18 silly audit   levn: [ '0.4.1' ],
18 silly audit   lightningcss: [ '1.32.0' ],
18 silly audit   'lightningcss-android-arm64': [ '1.32.0' ],
18 silly audit   'lightningcss-darwin-arm64': [ '1.32.0' ],
18 silly audit   'lightningcss-darwin-x64': [ '1.32.0' ],
18 silly audit   'lightningcss-freebsd-x64': [ '1.32.0' ],
18 silly audit   'lightningcss-linux-arm-gnueabihf': [ '1.32.0' ],
18 silly audit   'lightningcss-linux-arm64-gnu': [ '1.32.0' ],
18 silly audit   'lightningcss-linux-arm64-musl': [ '1.32.0' ],
18 silly audit   'lightningcss-linux-x64-gnu': [ '1.32.0' ],
18 silly audit   'lightningcss-linux-x64-musl': [ '1.32.0' ],
18 silly audit   'lightningcss-win32-arm64-msvc': [ '1.32.0' ],
18 silly audit   'lightningcss-win32-x64-msvc': [ '1.32.0' ],
18 silly audit   'locate-path': [ '6.0.0' ],
18 silly audit   'lodash.merge': [ '4.6.2' ],
18 silly audit   'loose-envify': [ '1.4.0' ],
18 silly audit   'lru-cache': [ '5.1.1' ],
18 silly audit   'magic-string': [ '0.30.21' ],
18 silly audit   'math-intrinsics': [ '1.1.0' ],
18 silly audit   merge2: [ '1.4.1' ],
18 silly audit   micromatch: [ '4.0.8' ],
18 silly audit   minimist: [ '1.2.8' ],
18 silly audit   motion: [ '12.38.0' ],
18 silly audit   'motion-dom': [ '12.38.0' ],
18 silly audit   'motion-utils': [ '12.36.0' ],
18 silly audit   ms: [ '2.1.3' ],
18 silly audit   nanoid: [ '3.3.12' ],
18 silly audit   'napi-postinstall': [ '0.3.4' ],
18 silly audit   'natural-compare': [ '1.4.0' ],
18 silly audit   next: [ '16.2.6' ],
18 silly audit   'node-exports-info': [ '1.6.0' ],
18 silly audit   'node-releases': [ '2.0.37' ],
18 silly audit   'object-assign': [ '4.1.1' ],
18 silly audit   'object-inspect': [ '1.13.4' ],
18 silly audit   'object-keys': [ '1.1.1' ],
18 silly audit   'object.assign': [ '4.1.7' ],
18 silly audit   'object.entries': [ '1.1.9' ],
18 silly audit   'object.fromentries': [ '2.0.8' ],
18 silly audit   'object.groupby': [ '1.0.3' ],
18 silly audit   'object.values': [ '1.2.1' ],
18 silly audit   optionator: [ '0.9.4' ],
18 silly audit   'own-keys': [ '1.0.1' ],
18 silly audit   'p-limit': [ '3.1.0' ],
18 silly audit   'p-locate': [ '5.0.0' ],
18 silly audit   'parent-module': [ '1.0.1' ],
18 silly audit   'path-exists': [ '4.0.0' ],
18 silly audit   'path-key': [ '3.1.1' ],
18 silly audit   'path-parse': [ '1.0.7' ],
18 silly audit   picocolors: [ '1.1.1' ],
18 silly audit   picomatch: [ '2.3.2', '4.0.4' ],
18 silly audit   'possible-typed-array-names': [ '1.1.0' ],
18 silly audit   postcss: [ '8.5.15' ],
18 silly audit   'prelude-ls': [ '1.2.1' ],
18 silly audit   'prop-types': [ '15.8.1' ],
18 silly audit   punycode: [ '2.3.1' ],
18 silly audit   'queue-microtask': [ '1.2.3' ],
18 silly audit   react: [ '19.2.4' ],
18 silly audit   'react-dom': [ '19.2.4' ],
18 silly audit   'react-is': [ '16.13.1' ],
18 silly audit   'reflect.getprototypeof': [ '1.0.10' ],
18 silly audit   'regexp.prototype.flags': [ '1.5.4' ],
18 silly audit   resolve: [ '2.0.0-next.6' ],
18 silly audit   'resolve-from': [ '4.0.0' ],
18 silly audit   'resolve-pkg-maps': [ '1.0.0' ],
18 silly audit   reusify: [ '1.1.0' ],
18 silly audit   'run-parallel': [ '1.2.0' ],
18 silly audit   'safe-array-concat': [ '1.1.3' ],
18 silly audit   'safe-push-apply': [ '1.0.0' ],
18 silly audit   'safe-regex-test': [ '1.1.0' ],
18 silly audit   scheduler: [ '0.27.0' ],
18 silly audit   'set-function-length': [ '1.2.2' ],
18 silly audit   'set-function-name': [ '2.0.2' ],
18 silly audit   'set-proto': [ '1.0.0' ],
18 silly audit   sharp: [ '0.34.5' ],
18 silly audit   'shebang-command': [ '2.0.0' ],
18 silly audit   'shebang-regex': [ '3.0.0' ],
18 silly audit   'side-channel': [ '1.1.0' ],
18 silly audit   'side-channel-list': [ '1.0.1' ],
18 silly audit   'side-channel-map': [ '1.0.1' ],
18 silly audit   'side-channel-weakmap': [ '1.0.2' ],
18 silly audit   'source-map-js': [ '1.2.1' ],
18 silly audit   'stable-hash': [ '0.0.5' ],
18 silly audit   'stop-iteration-iterator': [ '1.1.0' ],
18 silly audit   'string.prototype.includes': [ '2.0.1' ],
18 silly audit   'string.prototype.matchall': [ '4.0.12' ],
18 silly audit   'string.prototype.repeat': [ '1.0.0' ],
18 silly audit   'string.prototype.trim': [ '1.2.10' ],
18 silly audit   'string.prototype.trimend': [ '1.0.9' ],
18 silly audit   'string.prototype.trimstart': [ '1.0.8' ],
18 silly audit   'strip-bom': [ '3.0.0' ],
18 silly audit   'strip-json-comments': [ '3.1.1' ],
18 silly audit   'styled-jsx': [ '5.1.6' ],
18 silly audit   'supports-color': [ '7.2.0' ],
18 silly audit   'supports-preserve-symlinks-flag': [ '1.0.0' ],
18 silly audit   tailwindcss: [ '4.2.2' ],
18 silly audit   tapable: [ '2.3.2' ],
18 silly audit   tinyglobby: [ '0.2.16' ],
18 silly audit   fdir: [ '6.5.0' ],
18 silly audit   'to-regex-range': [ '5.0.1' ],
18 silly audit   'ts-api-utils': [ '2.5.0' ],
18 silly audit   'tsconfig-paths': [ '3.15.0' ],
18 silly audit   tslib: [ '2.8.1' ],
18 silly audit   'type-check': [ '0.4.0' ],
18 silly audit   'typed-array-buffer': [ '1.0.3' ],
18 silly audit   'typed-array-byte-length': [ '1.0.3' ],
18 silly audit   'typed-array-byte-offset': [ '1.0.4' ],
18 silly audit   'typed-array-length': [ '1.0.7' ],
18 silly audit   typescript: [ '5.9.3' ],
18 silly audit   'typescript-eslint': [ '8.58.1' ],
18 silly audit   'unbox-primitive': [ '1.1.0' ],
18 silly audit   'undici-types': [ '6.21.0' ],
18 silly audit   'unrs-resolver': [ '1.11.1' ],
18 silly audit   'update-browserslist-db': [ '1.2.3' ],
18 silly audit   'uri-js': [ '4.4.1' ],
18 silly audit   which: [ '2.0.2' ],
18 silly audit   'which-boxed-primitive': [ '1.1.1' ],
18 silly audit   'which-builtin-type': [ '1.2.1' ],
18 silly audit   'which-collection': [ '1.0.2' ],
18 silly audit   'which-typed-array': [ '1.1.20' ],
18 silly audit   'word-wrap': [ '1.2.5' ],
18 silly audit   yallist: [ '3.1.1' ],
18 silly audit   'yocto-queue': [ '0.1.0' ],
18 silly audit   zod: [ '4.3.6' ],
18 silly audit   'zod-validation-error': [ '4.0.2' ],
18 silly audit   '@tailwindcss/oxide-wasm32-wasi': [ '4.2.2' ]
18 silly audit }
19 verbose reify failed optional dependency /home/alex/seo-codex/.runtime/workspaces/algeria-melbet-20260729-065753/node_modules/lightningcss-win32-x64-msvc
20 silly reify mark deleted [
20 silly reify   '/home/alex/seo-codex/.runtime/workspaces/algeria-melbet-20260729-065753/node_modules/lightningcss-win32-x64-msvc'
20 silly reify ]
21 verbose reify failed optional dependency /home/alex/seo-codex/.runtime/workspaces/algeria-melbet-20260729-065753/node_modules/lightningcss-win32-arm64-msvc
22 silly reify mark deleted [
22 silly reify   '/home/alex/seo-codex/.runtime/workspaces/algeria-melbet-20260729-065753/node_modules/lightningcss-win32-arm64-msvc'
22 silly reify ]
23 verbose reify failed optional dependency /home/alex/seo-codex/.runtime/workspaces/algeria-melbet-20260729-065753/node_modules/lightningcss-linux-arm64-musl
24 silly reify mark deleted [
24 silly reify   '/home/alex/seo-codex/.runtime/workspaces/algeria-melbet-20260729-065753/node_modules/lightningcss-linux-arm64-musl'
24 silly reify ]
25 verbose reify failed optional dependency /home/alex/seo-codex/.runtime/workspaces/algeria-melbet-20260729-065753/node_modules/lightningcss-linux-arm64-gnu
26 silly reify mark deleted [
26 silly reify   '/home/alex/seo-codex/.runtime/workspaces/algeria-melbet-20260729-065753/node_modules/lightningcss-linux-arm64-gnu'
26 silly reify ]
27 verbose reify failed optional dependency /home/alex/seo-codex/.runtime/workspaces/algeria-melbet-20260729-065753/node_modules/lightningcss-linux-arm-gnueabihf
28 silly reify mark deleted [
28 silly reify   '/home/alex/seo-codex/.runtime/workspaces/algeria-melbet-20260729-065753/node_modules/lightningcss-linux-arm-gnueabihf'
28 silly reify ]
29 verbose reify failed optional dependency /home/alex/seo-codex/.runtime/workspaces/algeria-melbet-20260729-065753/node_modules/lightningcss-freebsd-x64
30 silly reify mark deleted [
30 silly reify   '/home/alex/seo-codex/.runtime/workspaces/algeria-melbet-20260729-065753/node_modules/lightningcss-freebsd-x64'
30 silly reify ]
31 verbose reify failed optional dependency /home/alex/seo-codex/.runtime/workspaces/algeria-melbet-20260729-065753/node_modules/lightningcss-darwin-x64
32 silly reify mark deleted [
32 silly reify   '/home/alex/seo-codex/.runtime/workspaces/algeria-melbet-20260729-065753/node_modules/lightningcss-darwin-x64'
32 silly reify ]
33 verbose reify failed optional dependency /home/alex/seo-codex/.runtime/workspaces/algeria-melbet-20260729-065753/node_modules/lightningcss-darwin-arm64
34 silly reify mark deleted [
34 silly reify   '/home/alex/seo-codex/.runtime/workspaces/algeria-melbet-20260729-065753/node_modules/lightningcss-darwin-arm64'
34 silly reify ]
35 verbose reify failed optional dependency /home/alex/seo-codex/.runtime/workspaces/algeria-melbet-20260729-065753/node_modules/lightningcss-android-arm64
36 silly reify mark deleted [
36 silly reify   '/home/alex/seo-codex/.runtime/workspaces/algeria-melbet-20260729-065753/node_modules/lightningcss-android-arm64'
36 silly reify ]
37 verbose reify failed optional dependency /home/alex/seo-codex/.runtime/workspaces/algeria-melbet-20260729-065753/node_modules/@unrs/resolver-binding-win32-x64-msvc
38 silly reify mark deleted [
38 silly reify   '/home/alex/seo-codex/.runtime/workspaces/algeria-melbet-20260729-065753/node_modules/@unrs/resolver-binding-win32-x64-msvc'
38 silly reify ]
39 verbose reify failed optional dependency /home/alex/seo-codex/.runtime/workspaces/algeria-melbet-20260729-065753/node_modules/@unrs/resolver-binding-win32-ia32-msvc
40 silly reify mark deleted [
40 silly reify   '/home/alex/seo-codex/.runtime/workspaces/algeria-melbet-20260729-065753/node_modules/@unrs/resolver-binding-win32-ia32-msvc'
40 silly reify ]
41 verbose reify failed optional dependency /home/alex/seo-codex/.runtime/workspaces/algeria-melbet-20260729-065753/node_modules/@unrs/resolver-binding-win32-arm64-msvc
42 silly reify mark deleted [
42 silly reify   '/home/alex/seo-codex/.runtime/workspaces/algeria-melbet-20260729-065753/node_modules/@unrs/resolver-binding-win32-arm64-msvc'
42 silly reify ]
43 verbose reify failed optional dependency /home/alex/seo-codex/.runtime/workspaces/algeria-melbet-20260729-065753/node_modules/@unrs/resolver-binding-wasm32-wasi
44 silly reify mark deleted [
44 silly reify   '/home/alex/seo-codex/.runtime/workspaces/algeria-melbet-20260729-065753/node_modules/@unrs/resolver-binding-wasm32-wasi'
44 silly reify ]
45 verbose reify failed optional dependency /home/alex/seo-codex/.runtime/workspaces/algeria-melbet-20260729-065753/node_modules/@unrs/resolver-binding-linux-s390x-gnu
46 silly reify mark deleted [
46 silly reify   '/home/alex/seo-codex/.runtime/workspaces/algeria-melbet-20260729-065753/node_modules/@unrs/resolver-binding-linux-s390x-gnu'
46 silly reify ]
47 verbose reify failed optional dependency /home/alex/seo-codex/.runtime/workspaces/algeria-melbet-20260729-065753/node_modules/@unrs/resolver-binding-linux-riscv64-musl
48 silly reify mark deleted [
48 silly reify   '/home/alex/seo-codex/.runtime/workspaces/algeria-melbet-20260729-065753/node_modules/@unrs/resolver-binding-linux-riscv64-musl'
48 silly reify ]
49 verbose reify failed optional dependency /home/alex/seo-codex/.runtime/workspaces/algeria-melbet-20260729-065753/node_modules/@unrs/resolver-binding-linux-riscv64-gnu
50 silly reify mark deleted [
50 silly reify   '/home/alex/seo-codex/.runtime/workspaces/algeria-melbet-20260729-065753/node_modules/@unrs/resolver-binding-linux-riscv64-gnu'
50 silly reify ]
51 verbose reify failed optional dependency /home/alex/seo-codex/.runtime/workspaces/algeria-melbet-20260729-065753/node_modules/@unrs/resolver-binding-linux-ppc64-gnu
52 silly reify mark deleted [
52 silly reify   '/home/alex/seo-codex/.runtime/workspaces/algeria-melbet-20260729-065753/node_modules/@unrs/resolver-binding-linux-ppc64-gnu'
52 silly reify ]
53 verbose reify failed optional dependency /home/alex/seo-codex/.runtime/workspaces/algeria-melbet-20260729-065753/node_modules/@unrs/resolver-binding-linux-arm64-musl
54 silly reify mark deleted [
54 silly reify   '/home/alex/seo-codex/.runtime/workspaces/algeria-melbet-20260729-065753/node_modules/@unrs/resolver-binding-linux-arm64-musl'
54 silly reify ]
55 verbose reify failed optional dependency /home/alex/seo-codex/.runtime/workspaces/algeria-melbet-20260729-065753/node_modules/@unrs/resolver-binding-linux-arm64-gnu
56 silly reify mark deleted [
56 silly reify   '/home/alex/seo-codex/.runtime/workspaces/algeria-melbet-20260729-065753/node_modules/@unrs/resolver-binding-linux-arm64-gnu'
56 silly reify ]
57 verbose reify failed optional dependency /home/alex/seo-codex/.runtime/workspaces/algeria-melbet-20260729-065753/node_modules/@unrs/resolver-binding-linux-arm-musleabihf
58 silly reify mark deleted [
58 silly reify   '/home/alex/seo-codex/.runtime/workspaces/algeria-melbet-20260729-065753/node_modules/@unrs/resolver-binding-linux-arm-musleabihf'
58 silly reify ]
59 verbose reify failed optional dependency /home/alex/seo-codex/.runtime/workspaces/algeria-melbet-20260729-065753/node_modules/@unrs/resolver-binding-linux-arm-gnueabihf
60 silly reify mark deleted [
60 silly reify   '/home/alex/seo-codex/.runtime/workspaces/algeria-melbet-20260729-065753/node_modules/@unrs/resolver-binding-linux-arm-gnueabihf'
60 silly reify ]
61 verbose reify failed optional dependency /home/alex/seo-codex/.runtime/workspaces/algeria-melbet-20260729-065753/node_modules/@unrs/resolver-binding-freebsd-x64
62 silly reify mark deleted [
62 silly reify   '/home/alex/seo-codex/.runtime/workspaces/algeria-melbet-20260729-065753/node_modules/@unrs/resolver-binding-freebsd-x64'
62 silly reify ]
63 verbose reify failed optional dependency /home/alex/seo-codex/.runtime/workspaces/algeria-melbet-20260729-065753/node_modules/@unrs/resolver-binding-darwin-x64
64 silly reify mark deleted [
64 silly reify   '/home/alex/seo-codex/.runtime/workspaces/algeria-melbet-20260729-065753/node_modules/@unrs/resolver-binding-darwin-x64'
64 silly reify ]
65 verbose reify failed optional dependency /home/alex/seo-codex/.runtime/workspaces/algeria-melbet-20260729-065753/node_modules/@unrs/resolver-binding-darwin-arm64
66 silly reify mark deleted [
66 silly reify   '/home/alex/seo-codex/.runtime/workspaces/algeria-melbet-20260729-065753/node_modules/@unrs/resolver-binding-darwin-arm64'
66 silly reify ]
67 verbose reify failed optional dependency /home/alex/seo-codex/.runtime/workspaces/algeria-melbet-20260729-065753/node_modules/@unrs/resolver-binding-android-arm64
68 silly reify mark deleted [
68 silly reify   '/home/alex/seo-codex/.runtime/workspaces/algeria-melbet-20260729-065753/node_modules/@unrs/resolver-binding-android-arm64'
68 silly reify ]
69 verbose reify failed optional dependency /home/alex/seo-codex/.runtime/workspaces/algeria-melbet-20260729-065753/node_modules/@unrs/resolver-binding-android-arm-eabi
70 silly reify mark deleted [
70 silly reify   '/home/alex/seo-codex/.runtime/workspaces/algeria-melbet-20260729-065753/node_modules/@unrs/resolver-binding-android-arm-eabi'
70 silly reify ]
71 verbose reify failed optional dependency /home/alex/seo-codex/.runtime/workspaces/algeria-melbet-20260729-065753/node_modules/@tailwindcss/oxide-win32-x64-msvc
72 silly reify mark deleted [
72 silly reify   '/home/alex/seo-codex/.runtime/workspaces/algeria-melbet-20260729-065753/node_modules/@tailwindcss/oxide-win32-x64-msvc'
72 silly reify ]
73 verbose reify failed optional dependency /home/alex/seo-codex/.runtime/workspaces/algeria-melbet-20260729-065753/node_modules/@tailwindcss/oxide-win32-arm64-msvc
74 silly reify mark deleted [
74 silly reify   '/home/alex/seo-codex/.runtime/workspaces/algeria-melbet-20260729-065753/node_modules/@tailwindcss/oxide-win32-arm64-msvc'
74 silly reify ]
75 verbose reify failed optional dependency /home/alex/seo-codex/.runtime/workspaces/algeria-melbet-20260729-065753/node_modules/@tailwindcss/oxide-linux-arm64-musl
76 silly reify mark deleted [
76 silly reify   '/home/alex/seo-codex/.runtime/workspaces/algeria-melbet-20260729-065753/node_modules/@tailwindcss/oxide-linux-arm64-musl'
76 silly reify ]
77 verbose reify failed optional dependency /home/alex/seo-codex/.runtime/workspaces/algeria-melbet-20260729-065753/node_modules/@tailwindcss/oxide-linux-arm64-gnu
78 silly reify mark deleted [
78 silly reify   '/home/alex/seo-codex/.runtime/workspaces/algeria-melbet-20260729-065753/node_modules/@tailwindcss/oxide-linux-arm64-gnu'
78 silly reify ]
79 verbose reify failed optional dependency /home/alex/seo-codex/.runtime/workspaces/algeria-melbet-20260729-065753/node_modules/@tailwindcss/oxide-linux-arm-gnueabihf
80 silly reify mark deleted [
80 silly reify   '/home/alex/seo-codex/.runtime/workspaces/algeria-melbet-20260729-065753/node_modules/@tailwindcss/oxide-linux-arm-gnueabihf'
80 silly reify ]
81 verbose reify failed optional dependency /home/alex/seo-codex/.runtime/workspaces/algeria-melbet-20260729-065753/node_modules/@tailwindcss/oxide-freebsd-x64
82 silly reify mark deleted [
82 silly reify   '/home/alex/seo-codex/.runtime/workspaces/algeria-melbet-20260729-065753/node_modules/@tailwindcss/oxide-freebsd-x64'
82 silly reify ]
83 verbose reify failed optional dependency /home/alex/seo-codex/.runtime/workspaces/algeria-melbet-20260729-065753/node_modules/@tailwindcss/oxide-darwin-x64
84 silly reify mark deleted [
84 silly reify   '/home/alex/seo-codex/.runtime/workspaces/algeria-melbet-20260729-065753/node_modules/@tailwindcss/oxide-darwin-x64'
84 silly reify ]
85 verbose reify failed optional dependency /home/alex/seo-codex/.runtime/workspaces/algeria-melbet-20260729-065753/node_modules/@tailwindcss/oxide-darwin-arm64
86 silly reify mark deleted [
86 silly reify   '/home/alex/seo-codex/.runtime/workspaces/algeria-melbet-20260729-065753/node_modules/@tailwindcss/oxide-darwin-arm64'
86 silly reify ]
87 verbose reify failed optional dependency /home/alex/seo-codex/.runtime/workspaces/algeria-melbet-20260729-065753/node_modules/@tailwindcss/oxide-android-arm64
88 silly reify mark deleted [
88 silly reify   '/home/alex/seo-codex/.runtime/workspaces/algeria-melbet-20260729-065753/node_modules/@tailwindcss/oxide-android-arm64'
88 silly reify ]
89 verbose reify failed optional dependency /home/alex/seo-codex/.runtime/workspaces/algeria-melbet-20260729-065753/node_modules/@next/swc-win32-x64-msvc
90 silly reify mark deleted [
90 silly reify   '/home/alex/seo-codex/.runtime/workspaces/algeria-melbet-20260729-065753/node_modules/@next/swc-win32-x64-msvc'
90 silly reify ]
91 verbose reify failed optional dependency /home/alex/seo-codex/.runtime/workspaces/algeria-melbet-20260729-065753/node_modules/@next/swc-win32-arm64-msvc
92 silly reify mark deleted [
92 silly reify   '/home/alex/seo-codex/.runtime/workspaces/algeria-melbet-20260729-065753/node_modules/@next/swc-win32-arm64-msvc'
92 silly reify ]
93 verbose reify failed optional dependency /home/alex/seo-codex/.runtime/workspaces/algeria-melbet-20260729-065753/node_modules/@next/swc-linux-arm64-musl
94 silly reify mark deleted [
94 silly reify   '/home/alex/seo-codex/.runtime/workspaces/algeria-melbet-20260729-065753/node_modules/@next/swc-linux-arm64-musl'
94 silly reify ]
95 verbose reify failed optional dependency /home/alex/seo-codex/.runtime/workspaces/algeria-melbet-20260729-065753/node_modules/@next/swc-linux-arm64-gnu
96 silly reify mark deleted [
96 silly reify   '/home/alex/seo-codex/.runtime/workspaces/algeria-melbet-20260729-065753/node_modules/@next/swc-linux-arm64-gnu'
96 silly reify ]
97 verbose reify failed optional dependency /home/alex/seo-codex/.runtime/workspaces/algeria-melbet-20260729-065753/node_modules/@next/swc-darwin-x64
98 silly reify mark deleted [
98 silly reify   '/home/alex/seo-codex/.runtime/workspaces/algeria-melbet-20260729-065753/node_modules/@next/swc-darwin-x64'
98 silly reify ]
99 verbose reify failed optional dependency /home/alex/seo-codex/.runtime/workspaces/algeria-melbet-20260729-065753/node_modules/@next/swc-darwin-arm64
100 silly reify mark deleted [
100 silly reify   '/home/alex/seo-codex/.runtime/workspaces/algeria-melbet-20260729-065753/node_modules/@next/swc-darwin-arm64'
100 silly reify ]
101 verbose reify failed optional dependency /home/alex/seo-codex/.runtime/workspaces/algeria-melbet-20260729-065753/node_modules/@img/sharp-win32-x64
102 silly reify mark deleted [
102 silly reify   '/home/alex/seo-codex/.runtime/workspaces/algeria-melbet-20260729-065753/node_modules/@img/sharp-win32-x64'
102 silly reify ]
103 verbose reify failed optional dependency /home/alex/seo-codex/.runtime/workspaces/algeria-melbet-20260729-065753/node_modules/@img/sharp-win32-ia32
104 silly reify mark deleted [
104 silly reify   '/home/alex/seo-codex/.runtime/workspaces/algeria-melbet-20260729-065753/node_modules/@img/sharp-win32-ia32'
104 silly reify ]
105 verbose reify failed optional dependency /home/alex/seo-codex/.runtime/workspaces/algeria-melbet-20260729-065753/node_modules/@img/sharp-win32-arm64
106 silly reify mark deleted [
106 silly reify   '/home/alex/seo-codex/.runtime/workspaces/algeria-melbet-20260729-065753/node_modules/@img/sharp-win32-arm64'
106 silly reify ]
107 verbose reify failed optional dependency /home/alex/seo-codex/.runtime/workspaces/algeria-melbet-20260729-065753/node_modules/@img/sharp-wasm32
108 silly reify mark deleted [
108 silly reify   '/home/alex/seo-codex/.runtime/workspaces/algeria-melbet-20260729-065753/node_modules/@img/sharp-wasm32'
108 silly reify ]
109 verbose reify failed optional dependency /home/alex/seo-codex/.runtime/workspaces/algeria-melbet-20260729-065753/node_modules/@img/sharp-linuxmusl-arm64
110 silly reify mark deleted [
110 silly reify   '/home/alex/seo-codex/.runtime/workspaces/algeria-melbet-20260729-065753/node_modules/@img/sharp-linuxmusl-arm64'
110 silly reify ]
111 verbose reify failed optional dependency /home/alex/seo-codex/.runtime/workspaces/algeria-melbet-20260729-065753/node_modules/@img/sharp-linux-s390x
112 silly reify mark deleted [
112 silly reify   '/home/alex/seo-codex/.runtime/workspaces/algeria-melbet-20260729-065753/node_modules/@img/sharp-linux-s390x'
112 silly reify ]
113 verbose reify failed optional dependency /home/alex/seo-codex/.runtime/workspaces/algeria-melbet-20260729-065753/node_modules/@img/sharp-linux-riscv64
114 silly reify mark deleted [
114 silly reify   '/home/alex/seo-codex/.runtime/workspaces/algeria-melbet-20260729-065753/node_modules/@img/sharp-linux-riscv64'
114 silly reify ]
115 verbose reify failed optional dependency /home/alex/seo-codex/.runtime/workspaces/algeria-melbet-20260729-065753/node_modules/@img/sharp-linux-ppc64
116 silly reify mark deleted [
116 silly reify   '/home/alex/seo-codex/.runtime/workspaces/algeria-melbet-20260729-065753/node_modules/@img/sharp-linux-ppc64'
116 silly reify ]
117 verbose reify failed optional dependency /home/alex/seo-codex/.runtime/workspaces/algeria-melbet-20260729-065753/node_modules/@img/sharp-linux-arm64
118 silly reify mark deleted [
118 silly reify   '/home/alex/seo-codex/.runtime/workspaces/algeria-melbet-20260729-065753/node_modules/@img/sharp-linux-arm64'
118 silly reify ]
119 verbose reify failed optional dependency /home/alex/seo-codex/.runtime/workspaces/algeria-melbet-20260729-065753/node_modules/@img/sharp-linux-arm
120 silly reify mark deleted [
120 silly reify   '/home/alex/seo-codex/.runtime/workspaces/algeria-melbet-20260729-065753/node_modules/@img/sharp-linux-arm'
120 silly reify ]
121 verbose reify failed optional dependency /home/alex/seo-codex/.runtime/workspaces/algeria-melbet-20260729-065753/node_modules/@img/sharp-libvips-linuxmusl-arm64
122 silly reify mark deleted [
122 silly reify   '/home/alex/seo-codex/.runtime/workspaces/algeria-melbet-20260729-065753/node_modules/@img/sharp-libvips-linuxmusl-arm64'
122 silly reify ]
123 verbose reify failed optional dependency /home/alex/seo-codex/.runtime/workspaces/algeria-melbet-20260729-065753/node_modules/@img/sharp-libvips-linux-s390x
124 silly reify mark deleted [
124 silly reify   '/home/alex/seo-codex/.runtime/workspaces/algeria-melbet-20260729-065753/node_modules/@img/sharp-libvips-linux-s390x'
124 silly reify ]
125 verbose reify failed optional dependency /home/alex/seo-codex/.runtime/workspaces/algeria-melbet-20260729-065753/node_modules/@img/sharp-libvips-linux-riscv64
126 silly reify mark deleted [
126 silly reify   '/home/alex/seo-codex/.runtime/workspaces/algeria-melbet-20260729-065753/node_modules/@img/sharp-libvips-linux-riscv64'
126 silly reify ]
127 verbose reify failed optional dependency /home/alex/seo-codex/.runtime/workspaces/algeria-melbet-20260729-065753/node_modules/@img/sharp-libvips-linux-ppc64
128 silly reify mark deleted [
128 silly reify   '/home/alex/seo-codex/.runtime/workspaces/algeria-melbet-20260729-065753/node_modules/@img/sharp-libvips-linux-ppc64'
128 silly reify ]
129 verbose reify failed optional dependency /home/alex/seo-codex/.runtime/workspaces/algeria-melbet-20260729-065753/node_modules/@img/sharp-libvips-linux-arm64
130 silly reify mark deleted [
130 silly reify   '/home/alex/seo-codex/.runtime/workspaces/algeria-melbet-20260729-065753/node_modules/@img/sharp-libvips-linux-arm64'
130 silly reify ]
131 verbose reify failed optional dependency /home/alex/seo-codex/.runtime/workspaces/algeria-melbet-20260729-065753/node_modules/@img/sharp-libvips-linux-arm
132 silly reify mark deleted [
132 silly reify   '/home/alex/seo-codex/.runtime/workspaces/algeria-melbet-20260729-065753/node_modules/@img/sharp-libvips-linux-arm'
132 silly reify ]
133 verbose reify failed optional dependency /home/alex/seo-codex/.runtime/workspaces/algeria-melbet-20260729-065753/node_modules/@img/sharp-libvips-darwin-x64
134 silly reify mark deleted [
134 silly reify   '/home/alex/seo-codex/.runtime/workspaces/algeria-melbet-20260729-065753/node_modules/@img/sharp-libvips-darwin-x64'
134 silly reify ]
135 verbose reify failed optional dependency /home/alex/seo-codex/.runtime/workspaces/algeria-melbet-20260729-065753/node_modules/@img/sharp-libvips-darwin-arm64
136 silly reify mark deleted [
136 silly reify   '/home/alex/seo-codex/.runtime/workspaces/algeria-melbet-20260729-065753/node_modules/@img/sharp-libvips-darwin-arm64'
136 silly reify ]
137 verbose reify failed optional dependency /home/alex/seo-codex/.runtime/workspaces/algeria-melbet-20260729-065753/node_modules/@img/sharp-darwin-x64
138 silly reify mark deleted [
138 silly reify   '/home/alex/seo-codex/.runtime/workspaces/algeria-melbet-20260729-065753/node_modules/@img/sharp-darwin-x64'
138 silly reify ]
139 verbose reify failed optional dependency /home/alex/seo-codex/.runtime/workspaces/algeria-melbet-20260729-065753/node_modules/@img/sharp-darwin-arm64
140 silly reify mark deleted [
140 silly reify   '/home/alex/seo-codex/.runtime/workspaces/algeria-melbet-20260729-065753/node_modules/@img/sharp-darwin-arm64'
140 silly reify ]
141 silly audit bulk request failed undefined
142 verbose audit error FetchError: request to https://registry.npmjs.org/-/npm/v1/security/audits/quick failed, reason: getaddrinfo EAI_AGAIN registry.npmjs.org
142 verbose audit error     at ClientRequest.<anonymous> (/home/alex/.hermes/node/lib/node_modules/npm/node_modules/minipass-fetch/lib/index.js:130:14)
142 verbose audit error     at ClientRequest.emit (node:events:519:28)
142 verbose audit error     at emitErrorEvent (node:_http_client:108:11)
142 verbose audit error     at _destroy (node:_http_client:967:9)
142 verbose audit error     at onSocketNT (node:_http_client:987:5)
142 verbose audit error     at process.processTicksAndRejections (node:internal/process/task_queues:90:21) {
142 verbose audit error   code: 'EAI_AGAIN',
142 verbose audit error   errno: 'EAI_AGAIN',
142 verbose audit error   syscall: 'getaddrinfo',
142 verbose audit error   hostname: 'registry.npmjs.org',
142 verbose audit error   type: 'system'
142 verbose audit error }
143 silly audit error undefined
144 silly audit report null
145 http cache zod-validation-error@https://registry.npmjs.org/zod-validation-error/-/zod-validation-error-4.0.2.tgz 0ms (cache hit)
146 http cache zod@https://registry.npmjs.org/zod/-/zod-4.3.6.tgz 0ms (cache hit)
147 http cache yallist@https://registry.npmjs.org/yallist/-/yallist-3.1.1.tgz 0ms (cache hit)
148 http cache yocto-queue@https://registry.npmjs.org/yocto-queue/-/yocto-queue-0.1.0.tgz 0ms (cache hit)
149 http cache word-wrap@https://registry.npmjs.org/word-wrap/-/word-wrap-1.2.5.tgz 0ms (cache hit)
150 http cache which-typed-array@https://registry.npmjs.org/which-typed-array/-/which-typed-array-1.1.20.tgz 0ms (cache hit)
151 http cache which-collection@https://registry.npmjs.org/which-collection/-/which-collection-1.0.2.tgz 0ms (cache hit)
152 http cache which-builtin-type@https://registry.npmjs.org/which-builtin-type/-/which-builtin-type-1.2.1.tgz 0ms (cache hit)
153 http cache which-boxed-primitive@https://registry.npmjs.org/which-boxed-primitive/-/which-boxed-primitive-1.1.1.tgz 0ms (cache hit)
154 http cache which@https://registry.npmjs.org/which/-/which-2.0.2.tgz 0ms (cache hit)
155 http cache update-browserslist-db@https://registry.npmjs.org/update-browserslist-db/-/update-browserslist-db-1.2.3.tgz 0ms (cache hit)
156 http cache uri-js@https://registry.npmjs.org/uri-js/-/uri-js-4.4.1.tgz 0ms (cache hit)
157 http cache unbox-primitive@https://registry.npmjs.org/unbox-primitive/-/unbox-primitive-1.1.0.tgz 0ms (cache hit)
158 http cache unrs-resolver@https://registry.npmjs.org/unrs-resolver/-/unrs-resolver-1.11.1.tgz 0ms (cache hit)
159 http cache undici-types@https://registry.npmjs.org/undici-types/-/undici-types-6.21.0.tgz 0ms (cache hit)
160 http cache typescript-eslint@https://registry.npmjs.org/typescript-eslint/-/typescript-eslint-8.58.1.tgz 0ms (cache hit)
161 http cache typescript@https://registry.npmjs.org/typescript/-/typescript-5.9.3.tgz 0ms (cache hit)
162 http cache typed-array-length@https://registry.npmjs.org/typed-array-length/-/typed-array-length-1.0.7.tgz 0ms (cache hit)
163 http cache typed-array-byte-offset@https://registry.npmjs.org/typed-array-byte-offset/-/typed-array-byte-offset-1.0.4.tgz 0ms (cache hit)
164 http cache typed-array-buffer@https://registry.npmjs.org/typed-array-buffer/-/typed-array-buffer-1.0.3.tgz 0ms (cache hit)
165 http cache typed-array-byte-length@https://registry.npmjs.org/typed-array-byte-length/-/typed-array-byte-length-1.0.3.tgz 0ms (cache hit)
166 http cache type-check@https://registry.npmjs.org/type-check/-/type-check-0.4.0.tgz 0ms (cache hit)
167 http cache tsconfig-paths@https://registry.npmjs.org/tsconfig-paths/-/tsconfig-paths-3.15.0.tgz 0ms (cache hit)
168 http cache tslib@https://registry.npmjs.org/tslib/-/tslib-2.8.1.tgz 0ms (cache hit)
169 http cache ts-api-utils@https://registry.npmjs.org/ts-api-utils/-/ts-api-utils-2.5.0.tgz 0ms (cache hit)
170 http cache tinyglobby@https://registry.npmjs.org/tinyglobby/-/tinyglobby-0.2.16.tgz 0ms (cache hit)
171 http cache to-regex-range@https://registry.npmjs.org/to-regex-range/-/to-regex-range-5.0.1.tgz 0ms (cache hit)
172 http cache tailwindcss@https://registry.npmjs.org/tailwindcss/-/tailwindcss-4.2.2.tgz 0ms (cache hit)
173 http cache tapable@https://registry.npmjs.org/tapable/-/tapable-2.3.2.tgz 0ms (cache hit)
174 http cache supports-preserve-symlinks-flag@https://registry.npmjs.org/supports-preserve-symlinks-flag/-/supports-preserve-symlinks-flag-1.0.0.tgz 0ms (cache hit)
175 http cache supports-color@https://registry.npmjs.org/supports-color/-/supports-color-7.2.0.tgz 0ms (cache hit)
176 http cache strip-json-comments@https://registry.npmjs.org/strip-json-comments/-/strip-json-comments-3.1.1.tgz 0ms (cache hit)
177 http cache styled-jsx@https://registry.npmjs.org/styled-jsx/-/styled-jsx-5.1.6.tgz 0ms (cache hit)
178 http cache strip-bom@https://registry.npmjs.org/strip-bom/-/strip-bom-3.0.0.tgz 0ms (cache hit)
179 http cache string.prototype.trimstart@https://registry.npmjs.org/string.prototype.trimstart/-/string.prototype.trimstart-1.0.8.tgz 0ms (cache hit)
180 http cache string.prototype.trimend@https://registry.npmjs.org/string.prototype.trimend/-/string.prototype.trimend-1.0.9.tgz 0ms (cache hit)
181 http cache string.prototype.trim@https://registry.npmjs.org/string.prototype.trim/-/string.prototype.trim-1.2.10.tgz 0ms (cache hit)
182 http cache string.prototype.includes@https://registry.npmjs.org/string.prototype.includes/-/string.prototype.includes-2.0.1.tgz 0ms (cache hit)
183 http cache string.prototype.repeat@https://registry.npmjs.org/string.prototype.repeat/-/string.prototype.repeat-1.0.0.tgz 0ms (cache hit)
184 http cache string.prototype.matchall@https://registry.npmjs.org/string.prototype.matchall/-/string.prototype.matchall-4.0.12.tgz 0ms (cache hit)
185 http cache stop-iteration-iterator@https://registry.npmjs.org/stop-iteration-iterator/-/stop-iteration-iterator-1.1.0.tgz 0ms (cache hit)
186 http cache source-map-js@https://registry.npmjs.org/source-map-js/-/source-map-js-1.2.1.tgz 0ms (cache hit)
187 http cache stable-hash@https://registry.npmjs.org/stable-hash/-/stable-hash-0.0.5.tgz 0ms (cache hit)
188 http cache side-channel-map@https://registry.npmjs.org/side-channel-map/-/side-channel-map-1.0.1.tgz 0ms (cache hit)
189 http cache side-channel@https://registry.npmjs.org/side-channel/-/side-channel-1.1.0.tgz 0ms (cache hit)
190 http cache side-channel-weakmap@https://registry.npmjs.org/side-channel-weakmap/-/side-channel-weakmap-1.0.2.tgz 0ms (cache hit)
191 http cache side-channel-list@https://registry.npmjs.org/side-channel-list/-/side-channel-list-1.0.1.tgz 0ms (cache hit)
192 http cache shebang-regex@https://registry.npmjs.org/shebang-regex/-/shebang-regex-3.0.0.tgz 0ms (cache hit)
193 http cache shebang-command@https://registry.npmjs.org/shebang-command/-/shebang-command-2.0.0.tgz 0ms (cache hit)
194 http cache set-function-name@https://registry.npmjs.org/set-function-name/-/set-function-name-2.0.2.tgz 0ms (cache hit)
195 http cache set-proto@https://registry.npmjs.org/set-proto/-/set-proto-1.0.0.tgz 0ms (cache hit)
196 http cache sharp@https://registry.npmjs.org/sharp/-/sharp-0.34.5.tgz 0ms (cache hit)
197 http cache semver@https://registry.npmjs.org/semver/-/semver-6.3.1.tgz 0ms (cache hit)
198 http cache set-function-length@https://registry.npmjs.org/set-function-length/-/set-function-length-1.2.2.tgz 0ms (cache hit)
199 http cache scheduler@https://registry.npmjs.org/scheduler/-/scheduler-0.27.0.tgz 0ms (cache hit)
200 http cache safe-regex-test@https://registry.npmjs.org/safe-regex-test/-/safe-regex-test-1.1.0.tgz 0ms (cache hit)
201 http cache safe-push-apply@https://registry.npmjs.org/safe-push-apply/-/safe-push-apply-1.0.0.tgz 0ms (cache hit)
202 http cache safe-array-concat@https://registry.npmjs.org/safe-array-concat/-/safe-array-concat-1.1.3.tgz 0ms (cache hit)
203 http cache run-parallel@https://registry.npmjs.org/run-parallel/-/run-parallel-1.2.0.tgz 0ms (cache hit)
204 http cache resolve-pkg-maps@https://registry.npmjs.org/resolve-pkg-maps/-/resolve-pkg-maps-1.0.0.tgz 0ms (cache hit)
205 http cache reusify@https://registry.npmjs.org/reusify/-/reusify-1.1.0.tgz 0ms (cache hit)
206 http cache reflect.getprototypeof@https://registry.npmjs.org/reflect.getprototypeof/-/reflect.getprototypeof-1.0.10.tgz 0ms (cache hit)
207 http cache resolve-from@https://registry.npmjs.org/resolve-from/-/resolve-from-4.0.0.tgz 0ms (cache hit)
208 http cache regexp.prototype.flags@https://registry.npmjs.org/regexp.prototype.flags/-/regexp.prototype.flags-1.5.4.tgz 0ms (cache hit)
209 http cache resolve@https://registry.npmjs.org/resolve/-/resolve-2.0.0-next.6.tgz 0ms (cache hit)
210 http cache react-is@https://registry.npmjs.org/react-is/-/react-is-16.13.1.tgz 0ms (cache hit)
211 http cache react@https://registry.npmjs.org/react/-/react-19.2.4.tgz 0ms (cache hit)
212 http cache react-dom@https://registry.npmjs.org/react-dom/-/react-dom-19.2.4.tgz 0ms (cache hit)
213 http cache queue-microtask@https://registry.npmjs.org/queue-microtask/-/queue-microtask-1.2.3.tgz 0ms (cache hit)
214 http cache punycode@https://registry.npmjs.org/punycode/-/punycode-2.3.1.tgz 0ms (cache hit)
215 http cache prop-types@https://registry.npmjs.org/prop-types/-/prop-types-15.8.1.tgz 0ms (cache hit)
216 http cache prelude-ls@https://registry.npmjs.org/prelude-ls/-/prelude-ls-1.2.1.tgz 0ms (cache hit)
217 http cache possible-typed-array-names@https://registry.npmjs.org/possible-typed-array-names/-/possible-typed-array-names-1.1.0.tgz 0ms (cache hit)
218 http cache postcss@https://registry.npmjs.org/postcss/-/postcss-8.5.15.tgz 0ms (cache hit)
219 http cache path-parse@https://registry.npmjs.org/path-parse/-/path-parse-1.0.7.tgz 0ms (cache hit)
220 http cache picomatch@https://registry.npmjs.org/picomatch/-/picomatch-2.3.2.tgz 0ms (cache hit)
221 http cache picocolors@https://registry.npmjs.org/picocolors/-/picocolors-1.1.1.tgz 0ms (cache hit)
222 http cache path-key@https://registry.npmjs.org/path-key/-/path-key-3.1.1.tgz 0ms (cache hit)
223 http cache path-exists@https://registry.npmjs.org/path-exists/-/path-exists-4.0.0.tgz 0ms (cache hit)
224 http cache p-locate@https://registry.npmjs.org/p-locate/-/p-locate-5.0.0.tgz 0ms (cache hit)
225 http cache parent-module@https://registry.npmjs.org/parent-module/-/parent-module-1.0.1.tgz 0ms (cache hit)
226 http cache own-keys@https://registry.npmjs.org/own-keys/-/own-keys-1.0.1.tgz 0ms (cache hit)
227 http cache p-limit@https://registry.npmjs.org/p-limit/-/p-limit-3.1.0.tgz 0ms (cache hit)
228 http cache object.values@https://registry.npmjs.org/object.values/-/object.values-1.2.1.tgz 0ms (cache hit)
229 http cache optionator@https://registry.npmjs.org/optionator/-/optionator-0.9.4.tgz 0ms (cache hit)
230 http cache object.groupby@https://registry.npmjs.org/object.groupby/-/object.groupby-1.0.3.tgz 0ms (cache hit)
231 http cache object.entries@https://registry.npmjs.org/object.entries/-/object.entries-1.1.9.tgz 0ms (cache hit)
232 http cache object.fromentries@https://registry.npmjs.org/object.fromentries/-/object.fromentries-2.0.8.tgz 0ms (cache hit)
233 http cache object.assign@https://registry.npmjs.org/object.assign/-/object.assign-4.1.7.tgz 0ms (cache hit)
234 http cache object-inspect@https://registry.npmjs.org/object-inspect/-/object-inspect-1.13.4.tgz 0ms (cache hit)
235 http cache object-keys@https://registry.npmjs.org/object-keys/-/object-keys-1.1.1.tgz 0ms (cache hit)
236 http cache object-assign@https://registry.npmjs.org/object-assign/-/object-assign-4.1.1.tgz 0ms (cache hit)
237 http cache node-exports-info@https://registry.npmjs.org/node-exports-info/-/node-exports-info-1.6.0.tgz 0ms (cache hit)
238 http cache node-releases@https://registry.npmjs.org/node-releases/-/node-releases-2.0.37.tgz 0ms (cache hit)
239 http cache next@https://registry.npmjs.org/next/-/next-16.2.6.tgz 0ms (cache hit)
240 http cache napi-postinstall@https://registry.npmjs.org/napi-postinstall/-/napi-postinstall-0.3.4.tgz 0ms (cache hit)
241 http cache natural-compare@https://registry.npmjs.org/natural-compare/-/natural-compare-1.4.0.tgz 0ms (cache hit)
242 http cache nanoid@https://registry.npmjs.org/nanoid/-/nanoid-3.3.12.tgz 0ms (cache hit)
243 http cache ms@https://registry.npmjs.org/ms/-/ms-2.1.3.tgz 0ms (cache hit)
244 http cache motion-utils@https://registry.npmjs.org/motion-utils/-/motion-utils-12.36.0.tgz 0ms (cache hit)
245 http cache minimist@https://registry.npmjs.org/minimist/-/minimist-1.2.8.tgz 0ms (cache hit)
246 http cache motion-dom@https://registry.npmjs.org/motion-dom/-/motion-dom-12.38.0.tgz 0ms (cache hit)
247 http cache motion@https://registry.npmjs.org/motion/-/motion-12.38.0.tgz 0ms (cache hit)
248 http cache minimatch@https://registry.npmjs.org/minimatch/-/minimatch-3.1.5.tgz 0ms (cache hit)
249 http cache micromatch@https://registry.npmjs.org/micromatch/-/micromatch-4.0.8.tgz 0ms (cache hit)
250 http cache merge2@https://registry.npmjs.org/merge2/-/merge2-1.4.1.tgz 0ms (cache hit)
251 http cache math-intrinsics@https://registry.npmjs.org/math-intrinsics/-/math-intrinsics-1.1.0.tgz 0ms (cache hit)
252 http cache lru-cache@https://registry.npmjs.org/lru-cache/-/lru-cache-5.1.1.tgz 0ms (cache hit)
253 http cache magic-string@https://registry.npmjs.org/magic-string/-/magic-string-0.30.21.tgz 0ms (cache hit)
254 http cache loose-envify@https://registry.npmjs.org/loose-envify/-/loose-envify-1.4.0.tgz 0ms (cache hit)
255 http cache lodash.merge@https://registry.npmjs.org/lodash.merge/-/lodash.merge-4.6.2.tgz 0ms (cache hit)
256 http cache locate-path@https://registry.npmjs.org/locate-path/-/locate-path-6.0.0.tgz 0ms (cache hit)
257 http cache lightningcss-linux-x64-musl@https://registry.npmjs.org/lightningcss-linux-x64-musl/-/lightningcss-linux-x64-musl-1.32.0.tgz 0ms (cache hit)
258 http cache lightningcss@https://registry.npmjs.org/lightningcss/-/lightningcss-1.32.0.tgz 0ms (cache hit)
259 http cache lightningcss-linux-x64-gnu@https://registry.npmjs.org/lightningcss-linux-x64-gnu/-/lightningcss-linux-x64-gnu-1.32.0.tgz 0ms (cache hit)
260 http cache levn@https://registry.npmjs.org/levn/-/levn-0.4.1.tgz 0ms (cache hit)
261 http cache language-tags@https://registry.npmjs.org/language-tags/-/language-tags-1.0.9.tgz 0ms (cache hit)
262 http cache lenis@https://registry.npmjs.org/lenis/-/lenis-1.3.21.tgz 0ms (cache hit)
263 http cache language-subtag-registry@https://registry.npmjs.org/language-subtag-registry/-/language-subtag-registry-0.3.23.tgz 0ms (cache hit)
264 http cache jsx-ast-utils@https://registry.npmjs.org/jsx-ast-utils/-/jsx-ast-utils-3.3.5.tgz 0ms (cache hit)
265 http cache keyv@https://registry.npmjs.org/keyv/-/keyv-4.5.4.tgz 0ms (cache hit)
266 http cache json5@https://registry.npmjs.org/json5/-/json5-2.2.3.tgz 0ms (cache hit)
267 http cache json-stable-stringify-without-jsonify@https://registry.npmjs.org/json-stable-stringify-without-jsonify/-/json-stable-stringify-without-jsonify-1.0.1.tgz 0ms (cache hit)
268 http cache json-schema-traverse@https://registry.npmjs.org/json-schema-traverse/-/json-schema-traverse-0.4.1.tgz 0ms (cache hit)
269 http cache json-buffer@https://registry.npmjs.org/json-buffer/-/json-buffer-3.0.1.tgz 0ms (cache hit)
270 http cache jsesc@https://registry.npmjs.org/jsesc/-/jsesc-3.1.0.tgz 0ms (cache hit)
271 http cache js-tokens@https://registry.npmjs.org/js-tokens/-/js-tokens-4.0.0.tgz 0ms (cache hit)
272 http cache js-yaml@https://registry.npmjs.org/js-yaml/-/js-yaml-4.1.1.tgz 0ms (cache hit)
273 http cache isexe@https://registry.npmjs.org/isexe/-/isexe-2.0.0.tgz 0ms (cache hit)
274 http cache jiti@https://registry.npmjs.org/jiti/-/jiti-2.6.1.tgz 0ms (cache hit)
275 http cache iterator.prototype@https://registry.npmjs.org/iterator.prototype/-/iterator.prototype-1.1.5.tgz 0ms (cache hit)
276 http cache isarray@https://registry.npmjs.org/isarray/-/isarray-2.0.5.tgz 0ms (cache hit)
277 http cache is-weakset@https://registry.npmjs.org/is-weakset/-/is-weakset-2.0.4.tgz 0ms (cache hit)
278 http cache is-symbol@https://registry.npmjs.org/is-symbol/-/is-symbol-1.1.1.tgz 0ms (cache hit)
279 http cache is-weakmap@https://registry.npmjs.org/is-weakmap/-/is-weakmap-2.0.2.tgz 0ms (cache hit)
280 http cache is-weakref@https://registry.npmjs.org/is-weakref/-/is-weakref-1.1.1.tgz 0ms (cache hit)
281 http cache is-typed-array@https://registry.npmjs.org/is-typed-array/-/is-typed-array-1.1.15.tgz 0ms (cache hit)
282 http cache is-string@https://registry.npmjs.org/is-string/-/is-string-1.1.1.tgz 0ms (cache hit)
283 http cache is-shared-array-buffer@https://registry.npmjs.org/is-shared-array-buffer/-/is-shared-array-buffer-1.0.4.tgz 0ms (cache hit)
284 http cache is-regex@https://registry.npmjs.org/is-regex/-/is-regex-1.2.1.tgz 0ms (cache hit)
285 http cache is-set@https://registry.npmjs.org/is-set/-/is-set-2.0.3.tgz 0ms (cache hit)
286 http cache is-number-object@https://registry.npmjs.org/is-number-object/-/is-number-object-1.1.1.tgz 0ms (cache hit)
287 http cache is-number@https://registry.npmjs.org/is-number/-/is-number-7.0.0.tgz 0ms (cache hit)
288 http cache is-glob@https://registry.npmjs.org/is-glob/-/is-glob-4.0.3.tgz 0ms (cache hit)
289 http cache is-map@https://registry.npmjs.org/is-map/-/is-map-2.0.3.tgz 0ms (cache hit)
290 http cache is-negative-zero@https://registry.npmjs.org/is-negative-zero/-/is-negative-zero-2.0.3.tgz 0ms (cache hit)
291 http cache is-generator-function@https://registry.npmjs.org/is-generator-function/-/is-generator-function-1.1.2.tgz 0ms (cache hit)
292 http cache is-extglob@https://registry.npmjs.org/is-extglob/-/is-extglob-2.1.1.tgz 0ms (cache hit)
293 http cache is-finalizationregistry@https://registry.npmjs.org/is-finalizationregistry/-/is-finalizationregistry-1.1.1.tgz 0ms (cache hit)
294 http cache is-date-object@https://registry.npmjs.org/is-date-object/-/is-date-object-1.1.0.tgz 0ms (cache hit)
295 http cache is-data-view@https://registry.npmjs.org/is-data-view/-/is-data-view-1.0.2.tgz 0ms (cache hit)
296 http cache is-core-module@https://registry.npmjs.org/is-core-module/-/is-core-module-2.16.1.tgz 0ms (cache hit)
297 http cache is-bun-module@https://registry.npmjs.org/is-bun-module/-/is-bun-module-2.0.0.tgz 0ms (cache hit)
298 http cache is-boolean-object@https://registry.npmjs.org/is-boolean-object/-/is-boolean-object-1.2.2.tgz 0ms (cache hit)
299 http cache is-callable@https://registry.npmjs.org/is-callable/-/is-callable-1.2.7.tgz 0ms (cache hit)
300 http cache is-async-function@https://registry.npmjs.org/is-async-function/-/is-async-function-2.1.1.tgz 0ms (cache hit)
301 http cache is-bigint@https://registry.npmjs.org/is-bigint/-/is-bigint-1.1.0.tgz 0ms (cache hit)
302 http cache is-array-buffer@https://registry.npmjs.org/is-array-buffer/-/is-array-buffer-3.0.5.tgz 0ms (cache hit)
303 http cache import-fresh@https://registry.npmjs.org/import-fresh/-/import-fresh-3.3.1.tgz 0ms (cache hit)
304 http cache internal-slot@https://registry.npmjs.org/internal-slot/-/internal-slot-1.1.0.tgz 0ms (cache hit)
305 http cache ignore@https://registry.npmjs.org/ignore/-/ignore-5.3.2.tgz 0ms (cache hit)
306 http cache hermes-parser@https://registry.npmjs.org/hermes-parser/-/hermes-parser-0.25.1.tgz 0ms (cache hit)
307 http cache imurmurhash@https://registry.npmjs.org/imurmurhash/-/imurmurhash-0.1.4.tgz 0ms (cache hit)
308 http cache hermes-estree@https://registry.npmjs.org/hermes-estree/-/hermes-estree-0.25.1.tgz 0ms (cache hit)
309 http cache hasown@https://registry.npmjs.org/hasown/-/hasown-2.0.2.tgz 0ms (cache hit)
310 http cache has-tostringtag@https://registry.npmjs.org/has-tostringtag/-/has-tostringtag-1.0.2.tgz 0ms (cache hit)
311 http cache has-symbols@https://registry.npmjs.org/has-symbols/-/has-symbols-1.1.0.tgz 0ms (cache hit)
312 http cache has-proto@https://registry.npmjs.org/has-proto/-/has-proto-1.2.0.tgz 0ms (cache hit)
313 http cache has-bigints@https://registry.npmjs.org/has-bigints/-/has-bigints-1.1.0.tgz 0ms (cache hit)
314 http cache has-property-descriptors@https://registry.npmjs.org/has-property-descriptors/-/has-property-descriptors-1.0.2.tgz 0ms (cache hit)
315 http cache has-flag@https://registry.npmjs.org/has-flag/-/has-flag-4.0.0.tgz 0ms (cache hit)
316 http cache graceful-fs@https://registry.npmjs.org/graceful-fs/-/graceful-fs-4.2.11.tgz 0ms (cache hit)
317 http cache gopd@https://registry.npmjs.org/gopd/-/gopd-1.2.0.tgz 0ms (cache hit)
318 http cache globalthis@https://registry.npmjs.org/globalthis/-/globalthis-1.0.4.tgz 0ms (cache hit)
319 http cache globals@https://registry.npmjs.org/globals/-/globals-14.0.0.tgz 0ms (cache hit)
320 http cache get-tsconfig@https://registry.npmjs.org/get-tsconfig/-/get-tsconfig-4.13.7.tgz 0ms (cache hit)
321 http cache glob-parent@https://registry.npmjs.org/glob-parent/-/glob-parent-6.0.2.tgz 0ms (cache hit)
322 http cache get-symbol-description@https://registry.npmjs.org/get-symbol-description/-/get-symbol-description-1.1.0.tgz 0ms (cache hit)
323 http cache get-intrinsic@https://registry.npmjs.org/get-intrinsic/-/get-intrinsic-1.3.0.tgz 0ms (cache hit)
324 http cache get-proto@https://registry.npmjs.org/get-proto/-/get-proto-1.0.1.tgz 0ms (cache hit)
325 http cache gensync@https://registry.npmjs.org/gensync/-/gensync-1.0.0-beta.2.tgz 0ms (cache hit)
326 http cache functions-have-names@https://registry.npmjs.org/functions-have-names/-/functions-have-names-1.2.3.tgz 0ms (cache hit)
327 http cache generator-function@https://registry.npmjs.org/generator-function/-/generator-function-2.0.1.tgz 0ms (cache hit)
328 http cache function-bind@https://registry.npmjs.org/function-bind/-/function-bind-1.1.2.tgz 0ms (cache hit)
329 http cache function.prototype.name@https://registry.npmjs.org/function.prototype.name/-/function.prototype.name-1.1.8.tgz 0ms (cache hit)
330 http cache framer-motion@https://registry.npmjs.org/framer-motion/-/framer-motion-12.38.0.tgz 0ms (cache hit)
331 http cache for-each@https://registry.npmjs.org/for-each/-/for-each-0.3.5.tgz 0ms (cache hit)
332 http cache find-up@https://registry.npmjs.org/find-up/-/find-up-5.0.0.tgz 0ms (cache hit)
333 http cache flat-cache@https://registry.npmjs.org/flat-cache/-/flat-cache-4.0.1.tgz 0ms (cache hit)
334 http cache flatted@https://registry.npmjs.org/flatted/-/flatted-3.4.2.tgz 0ms (cache hit)
335 http cache fill-range@https://registry.npmjs.org/fill-range/-/fill-range-7.1.1.tgz 0ms (cache hit)
336 http cache file-entry-cache@https://registry.npmjs.org/file-entry-cache/-/file-entry-cache-8.0.0.tgz 0ms (cache hit)
337 http cache fastq@https://registry.npmjs.org/fastq/-/fastq-1.20.1.tgz 0ms (cache hit)
338 http cache fast-levenshtein@https://registry.npmjs.org/fast-levenshtein/-/fast-levenshtein-2.0.6.tgz 0ms (cache hit)
339 http cache fast-json-stable-stringify@https://registry.npmjs.org/fast-json-stable-stringify/-/fast-json-stable-stringify-2.1.0.tgz 0ms (cache hit)
340 http cache fast-glob@https://registry.npmjs.org/fast-glob/-/fast-glob-3.3.1.tgz 0ms (cache hit)
341 http cache fast-deep-equal@https://registry.npmjs.org/fast-deep-equal/-/fast-deep-equal-3.1.3.tgz 0ms (cache hit)
342 http cache estraverse@https://registry.npmjs.org/estraverse/-/estraverse-5.3.0.tgz 0ms (cache hit)
343 http cache esutils@https://registry.npmjs.org/esutils/-/esutils-2.0.3.tgz 0ms (cache hit)
344 http cache esrecurse@https://registry.npmjs.org/esrecurse/-/esrecurse-4.3.0.tgz 0ms (cache hit)
345 http cache espree@https://registry.npmjs.org/espree/-/espree-10.4.0.tgz 0ms (cache hit)
346 http cache esquery@https://registry.npmjs.org/esquery/-/esquery-1.7.0.tgz 0ms (cache hit)
347 http cache eslint-visitor-keys@https://registry.npmjs.org/eslint-visitor-keys/-/eslint-visitor-keys-4.2.1.tgz 0ms (cache hit)
348 http cache eslint-plugin-react-hooks@https://registry.npmjs.org/eslint-plugin-react-hooks/-/eslint-plugin-react-hooks-7.0.1.tgz 0ms (cache hit)
349 http cache eslint-scope@https://registry.npmjs.org/eslint-scope/-/eslint-scope-8.4.0.tgz 0ms (cache hit)
350 http cache eslint-plugin-react@https://registry.npmjs.org/eslint-plugin-react/-/eslint-plugin-react-7.37.5.tgz 0ms (cache hit)
351 http cache eslint-plugin-import@https://registry.npmjs.org/eslint-plugin-import/-/eslint-plugin-import-2.32.0.tgz 0ms (cache hit)
352 http cache eslint-plugin-jsx-a11y@https://registry.npmjs.org/eslint-plugin-jsx-a11y/-/eslint-plugin-jsx-a11y-6.10.2.tgz 0ms (cache hit)
353 http cache eslint-import-resolver-node@https://registry.npmjs.org/eslint-import-resolver-node/-/eslint-import-resolver-node-0.3.10.tgz 0ms (cache hit)
354 http cache eslint-module-utils@https://registry.npmjs.org/eslint-module-utils/-/eslint-module-utils-2.12.1.tgz 0ms (cache hit)
355 http cache eslint-config-next@https://registry.npmjs.org/eslint-config-next/-/eslint-config-next-16.2.6.tgz 0ms (cache hit)
356 http cache eslint@https://registry.npmjs.org/eslint/-/eslint-9.39.4.tgz 0ms (cache hit)
357 http cache eslint-import-resolver-typescript@https://registry.npmjs.org/eslint-import-resolver-typescript/-/eslint-import-resolver-typescript-3.10.1.tgz 0ms (cache hit)
358 http cache escape-string-regexp@https://registry.npmjs.org/escape-string-regexp/-/escape-string-regexp-4.0.0.tgz 0ms (cache hit)
359 http cache es-to-primitive@https://registry.npmjs.org/es-to-primitive/-/es-to-primitive-1.3.0.tgz 0ms (cache hit)
360 http cache escalade@https://registry.npmjs.org/escalade/-/escalade-3.2.0.tgz 0ms (cache hit)
361 http cache es-shim-unscopables@https://registry.npmjs.org/es-shim-unscopables/-/es-shim-unscopables-1.1.0.tgz 0ms (cache hit)
362 http cache es-object-atoms@https://registry.npmjs.org/es-object-atoms/-/es-object-atoms-1.1.1.tgz 0ms (cache hit)
363 http cache es-set-tostringtag@https://registry.npmjs.org/es-set-tostringtag/-/es-set-tostringtag-2.1.0.tgz 0ms (cache hit)
364 http cache es-iterator-helpers@https://registry.npmjs.org/es-iterator-helpers/-/es-iterator-helpers-1.3.1.tgz 0ms (cache hit)
365 http cache es-errors@https://registry.npmjs.org/es-errors/-/es-errors-1.3.0.tgz 0ms (cache hit)
366 http cache es-define-property@https://registry.npmjs.org/es-define-property/-/es-define-property-1.0.1.tgz 1ms (cache hit)
367 http cache es-abstract@https://registry.npmjs.org/es-abstract/-/es-abstract-1.24.2.tgz 0ms (cache hit)
368 http cache enhanced-resolve@https://registry.npmjs.org/enhanced-resolve/-/enhanced-resolve-5.20.1.tgz 0ms (cache hit)
369 http cache emoji-regex@https://registry.npmjs.org/emoji-regex/-/emoji-regex-9.2.2.tgz 0ms (cache hit)
370 http cache electron-to-chromium@https://registry.npmjs.org/electron-to-chromium/-/electron-to-chromium-1.5.334.tgz 0ms (cache hit)
371 http cache dunder-proto@https://registry.npmjs.org/dunder-proto/-/dunder-proto-1.0.1.tgz 0ms (cache hit)
372 http cache doctrine@https://registry.npmjs.org/doctrine/-/doctrine-2.1.0.tgz 0ms (cache hit)
373 http cache define-properties@https://registry.npmjs.org/define-properties/-/define-properties-1.2.1.tgz 0ms (cache hit)
374 http cache detect-libc@https://registry.npmjs.org/detect-libc/-/detect-libc-2.1.2.tgz 0ms (cache hit)
375 http cache define-data-property@https://registry.npmjs.org/define-data-property/-/define-data-property-1.1.4.tgz 0ms (cache hit)
376 http cache deep-is@https://registry.npmjs.org/deep-is/-/deep-is-0.1.4.tgz 0ms (cache hit)
377 http cache debug@https://registry.npmjs.org/debug/-/debug-4.4.3.tgz 0ms (cache hit)
378 http cache data-view-byte-offset@https://registry.npmjs.org/data-view-byte-offset/-/data-view-byte-offset-1.0.1.tgz 0ms (cache hit)
379 http cache data-view-byte-length@https://registry.npmjs.org/data-view-byte-length/-/data-view-byte-length-1.0.2.tgz 0ms (cache hit)
380 http cache csstype@https://registry.npmjs.org/csstype/-/csstype-3.2.3.tgz 0ms (cache hit)
381 http cache data-view-buffer@https://registry.npmjs.org/data-view-buffer/-/data-view-buffer-1.0.2.tgz 0ms (cache hit)
382 http cache cross-spawn@https://registry.npmjs.org/cross-spawn/-/cross-spawn-7.0.6.tgz 0ms (cache hit)
383 http cache damerau-levenshtein@https://registry.npmjs.org/damerau-levenshtein/-/damerau-levenshtein-1.0.8.tgz 0ms (cache hit)
384 http cache convert-source-map@https://registry.npmjs.org/convert-source-map/-/convert-source-map-2.0.0.tgz 0ms (cache hit)
385 http cache concat-map@https://registry.npmjs.org/concat-map/-/concat-map-0.0.1.tgz 0ms (cache hit)
386 http cache color-name@https://registry.npmjs.org/color-name/-/color-name-1.1.4.tgz 0ms (cache hit)
387 http cache color-convert@https://registry.npmjs.org/color-convert/-/color-convert-2.0.1.tgz 0ms (cache hit)
388 http cache callsites@https://registry.npmjs.org/callsites/-/callsites-3.1.0.tgz 0ms (cache hit)
389 http cache chalk@https://registry.npmjs.org/chalk/-/chalk-4.1.2.tgz 0ms (cache hit)
390 http cache client-only@https://registry.npmjs.org/client-only/-/client-only-0.0.1.tgz 0ms (cache hit)
391 http cache caniuse-lite@https://registry.npmjs.org/caniuse-lite/-/caniuse-lite-1.0.30001787.tgz 0ms (cache hit)
392 http cache call-bound@https://registry.npmjs.org/call-bound/-/call-bound-1.0.4.tgz 0ms (cache hit)
393 http cache call-bind-apply-helpers@https://registry.npmjs.org/call-bind-apply-helpers/-/call-bind-apply-helpers-1.0.2.tgz 0ms (cache hit)
394 http cache call-bind@https://registry.npmjs.org/call-bind/-/call-bind-1.0.8.tgz 0ms (cache hit)
395 http cache browserslist@https://registry.npmjs.org/browserslist/-/browserslist-4.28.2.tgz 0ms (cache hit)
396 http cache braces@https://registry.npmjs.org/braces/-/braces-3.0.3.tgz 0ms (cache hit)
397 http cache baseline-browser-mapping@https://registry.npmjs.org/baseline-browser-mapping/-/baseline-browser-mapping-2.10.16.tgz 0ms (cache hit)
398 http cache axobject-query@https://registry.npmjs.org/axobject-query/-/axobject-query-4.1.0.tgz 0ms (cache hit)
399 http cache brace-expansion@https://registry.npmjs.org/brace-expansion/-/brace-expansion-1.1.13.tgz 0ms (cache hit)
400 http cache balanced-match@https://registry.npmjs.org/balanced-match/-/balanced-match-1.0.2.tgz 0ms (cache hit)
401 http cache axe-core@https://registry.npmjs.org/axe-core/-/axe-core-4.11.2.tgz 0ms (cache hit)
402 http cache available-typed-arrays@https://registry.npmjs.org/available-typed-arrays/-/available-typed-arrays-1.0.7.tgz 0ms (cache hit)
403 http cache async-function@https://registry.npmjs.org/async-function/-/async-function-1.0.0.tgz 0ms (cache hit)
404 http cache ast-types-flow@https://registry.npmjs.org/ast-types-flow/-/ast-types-flow-0.0.8.tgz 0ms (cache hit)
405 http cache arraybuffer.prototype.slice@https://registry.npmjs.org/arraybuffer.prototype.slice/-/arraybuffer.prototype.slice-1.0.4.tgz 0ms (cache hit)
406 http cache array.prototype.tosorted@https://registry.npmjs.org/array.prototype.tosorted/-/array.prototype.tosorted-1.1.4.tgz 0ms (cache hit)
407 http cache array.prototype.findlastindex@https://registry.npmjs.org/array.prototype.findlastindex/-/array.prototype.findlastindex-1.2.6.tgz 0ms (cache hit)
408 http cache array.prototype.flatmap@https://registry.npmjs.org/array.prototype.flatmap/-/array.prototype.flatmap-1.3.3.tgz 0ms (cache hit)
409 http cache array.prototype.flat@https://registry.npmjs.org/array.prototype.flat/-/array.prototype.flat-1.3.3.tgz 0ms (cache hit)
410 http cache array-includes@https://registry.npmjs.org/array-includes/-/array-includes-3.1.9.tgz 0ms (cache hit)
411 http cache array.prototype.findlast@https://registry.npmjs.org/array.prototype.findlast/-/array.prototype.findlast-1.2.5.tgz 0ms (cache hit)
412 http cache array-buffer-byte-length@https://registry.npmjs.org/array-buffer-byte-length/-/array-buffer-byte-length-1.0.2.tgz 0ms (cache hit)
413 http cache aria-query@https://registry.npmjs.org/aria-query/-/aria-query-5.3.2.tgz 0ms (cache hit)
414 http cache argparse@https://registry.npmjs.org/argparse/-/argparse-2.0.1.tgz 0ms (cache hit)
415 http cache ajv@https://registry.npmjs.org/ajv/-/ajv-6.14.0.tgz 0ms (cache hit)
416 http cache ansi-styles@https://registry.npmjs.org/ansi-styles/-/ansi-styles-4.3.0.tgz 0ms (cache hit)
417 http cache acorn-jsx@https://registry.npmjs.org/acorn-jsx/-/acorn-jsx-5.3.2.tgz 0ms (cache hit)
418 http cache acorn@https://registry.npmjs.org/acorn/-/acorn-8.16.0.tgz 0ms (cache hit)
419 http cache @typescript-eslint/utils@https://registry.npmjs.org/@typescript-eslint/utils/-/utils-8.58.1.tgz 0ms (cache hit)
420 http cache @unrs/resolver-binding-linux-x64-musl@https://registry.npmjs.org/@unrs/resolver-binding-linux-x64-musl/-/resolver-binding-linux-x64-musl-1.11.1.tgz 0ms (cache hit)
421 http cache @typescript-eslint/visitor-keys@https://registry.npmjs.org/@typescript-eslint/visitor-keys/-/visitor-keys-8.58.1.tgz 0ms (cache hit)
422 http cache @unrs/resolver-binding-linux-x64-gnu@https://registry.npmjs.org/@unrs/resolver-binding-linux-x64-gnu/-/resolver-binding-linux-x64-gnu-1.11.1.tgz 0ms (cache hit)
423 http cache @typescript-eslint/typescript-estree@https://registry.npmjs.org/@typescript-eslint/typescript-estree/-/typescript-estree-8.58.1.tgz 0ms (cache hit)
424 http cache @typescript-eslint/types@https://registry.npmjs.org/@typescript-eslint/types/-/types-8.58.1.tgz 0ms (cache hit)
425 http cache @typescript-eslint/type-utils@https://registry.npmjs.org/@typescript-eslint/type-utils/-/type-utils-8.58.1.tgz 0ms (cache hit)
426 http cache @typescript-eslint/scope-manager@https://registry.npmjs.org/@typescript-eslint/scope-manager/-/scope-manager-8.58.1.tgz 0ms (cache hit)
427 http cache @typescript-eslint/tsconfig-utils@https://registry.npmjs.org/@typescript-eslint/tsconfig-utils/-/tsconfig-utils-8.58.1.tgz 0ms (cache hit)
428 http cache @typescript-eslint/project-service@https://registry.npmjs.org/@typescript-eslint/project-service/-/project-service-8.58.1.tgz 0ms (cache hit)
429 http cache @typescript-eslint/eslint-plugin@https://registry.npmjs.org/@typescript-eslint/eslint-plugin/-/eslint-plugin-8.58.1.tgz 0ms (cache hit)
430 http cache @typescript-eslint/parser@https://registry.npmjs.org/@typescript-eslint/parser/-/parser-8.58.1.tgz 0ms (cache hit)
431 http cache @types/react-dom@https://registry.npmjs.org/@types/react-dom/-/react-dom-19.2.3.tgz 0ms (cache hit)
432 http cache @types/node@https://registry.npmjs.org/@types/node/-/node-20.19.39.tgz 0ms (cache hit)
433 http cache @types/react@https://registry.npmjs.org/@types/react/-/react-19.2.14.tgz 1ms (cache hit)
434 http cache @types/json5@https://registry.npmjs.org/@types/json5/-/json5-0.0.29.tgz 0ms (cache hit)
435 http cache @types/json-schema@https://registry.npmjs.org/@types/json-schema/-/json-schema-7.0.15.tgz 0ms (cache hit)
436 http cache @types/estree@https://registry.npmjs.org/@types/estree/-/estree-1.0.8.tgz 0ms (cache hit)
437 http cache @tybys/wasm-util@https://registry.npmjs.org/@tybys/wasm-util/-/wasm-util-0.10.1.tgz 0ms (cache hit)
438 http cache @tailwindcss/oxide-linux-x64-gnu@https://registry.npmjs.org/@tailwindcss/oxide-linux-x64-gnu/-/oxide-linux-x64-gnu-4.2.2.tgz 0ms (cache hit)
439 http cache @tailwindcss/postcss@https://registry.npmjs.org/@tailwindcss/postcss/-/postcss-4.2.2.tgz 0ms (cache hit)
440 http cache @tailwindcss/oxide-linux-x64-musl@https://registry.npmjs.org/@tailwindcss/oxide-linux-x64-musl/-/oxide-linux-x64-musl-4.2.2.tgz 0ms (cache hit)
441 http cache @tailwindcss/oxide@https://registry.npmjs.org/@tailwindcss/oxide/-/oxide-4.2.2.tgz 0ms (cache hit)
442 http cache @tailwindcss/node@https://registry.npmjs.org/@tailwindcss/node/-/node-4.2.2.tgz 0ms (cache hit)
443 http cache @swc/helpers@https://registry.npmjs.org/@swc/helpers/-/helpers-0.5.15.tgz 0ms (cache hit)
444 http cache @rtsao/scc@https://registry.npmjs.org/@rtsao/scc/-/scc-1.1.0.tgz 0ms (cache hit)
445 http cache @nodelib/fs.walk@https://registry.npmjs.org/@nodelib/fs.walk/-/fs.walk-1.2.8.tgz 0ms (cache hit)
446 http cache @nolyfill/is-core-module@https://registry.npmjs.org/@nolyfill/is-core-module/-/is-core-module-1.0.39.tgz 0ms (cache hit)
447 http cache @nodelib/fs.stat@https://registry.npmjs.org/@nodelib/fs.stat/-/fs.stat-2.0.5.tgz 0ms (cache hit)
448 http cache @next/swc-linux-x64-musl@https://registry.npmjs.org/@next/swc-linux-x64-musl/-/swc-linux-x64-musl-16.2.6.tgz 0ms (cache hit)
449 http cache @nodelib/fs.scandir@https://registry.npmjs.org/@nodelib/fs.scandir/-/fs.scandir-2.1.5.tgz 0ms (cache hit)
450 http cache @next/swc-linux-x64-gnu@https://registry.npmjs.org/@next/swc-linux-x64-gnu/-/swc-linux-x64-gnu-16.2.6.tgz 0ms (cache hit)
451 http cache @napi-rs/wasm-runtime@https://registry.npmjs.org/@napi-rs/wasm-runtime/-/wasm-runtime-0.2.12.tgz 0ms (cache hit)
452 http cache @next/env@https://registry.npmjs.org/@next/env/-/env-16.2.6.tgz 0ms (cache hit)
453 http cache @next/eslint-plugin-next@https://registry.npmjs.org/@next/eslint-plugin-next/-/eslint-plugin-next-16.2.6.tgz 0ms (cache hit)
454 http cache @jridgewell/trace-mapping@https://registry.npmjs.org/@jridgewell/trace-mapping/-/trace-mapping-0.3.31.tgz 0ms (cache hit)
455 http cache @jridgewell/sourcemap-codec@https://registry.npmjs.org/@jridgewell/sourcemap-codec/-/sourcemap-codec-1.5.5.tgz 0ms (cache hit)
456 http cache @jridgewell/resolve-uri@https://registry.npmjs.org/@jridgewell/resolve-uri/-/resolve-uri-3.1.2.tgz 0ms (cache hit)
457 http cache @jridgewell/remapping@https://registry.npmjs.org/@jridgewell/remapping/-/remapping-2.3.5.tgz 0ms (cache hit)
458 http cache @jridgewell/gen-mapping@https://registry.npmjs.org/@jridgewell/gen-mapping/-/gen-mapping-0.3.13.tgz 0ms (cache hit)
459 http cache @img/sharp-linuxmusl-x64@https://registry.npmjs.org/@img/sharp-linuxmusl-x64/-/sharp-linuxmusl-x64-0.34.5.tgz 0ms (cache hit)
460 http cache @img/sharp-linux-x64@https://registry.npmjs.org/@img/sharp-linux-x64/-/sharp-linux-x64-0.34.5.tgz 0ms (cache hit)
461 http cache @img/colour@https://registry.npmjs.org/@img/colour/-/colour-1.1.0.tgz 0ms (cache hit)
462 http cache @img/sharp-libvips-linuxmusl-x64@https://registry.npmjs.org/@img/sharp-libvips-linuxmusl-x64/-/sharp-libvips-linuxmusl-x64-1.2.4.tgz 0ms (cache hit)
463 http cache @img/sharp-libvips-linux-x64@https://registry.npmjs.org/@img/sharp-libvips-linux-x64/-/sharp-libvips-linux-x64-1.2.4.tgz 0ms (cache hit)
464 http cache @humanfs/node@https://registry.npmjs.org/@humanfs/node/-/node-0.16.7.tgz 0ms (cache hit)
465 http cache @humanwhocodes/module-importer@https://registry.npmjs.org/@humanwhocodes/module-importer/-/module-importer-1.0.1.tgz 0ms (cache hit)
466 http cache @humanwhocodes/retry@https://registry.npmjs.org/@humanwhocodes/retry/-/retry-0.4.3.tgz 1ms (cache hit)
467 http cache @humanfs/core@https://registry.npmjs.org/@humanfs/core/-/core-0.19.1.tgz 0ms (cache hit)
468 http cache @eslint/plugin-kit@https://registry.npmjs.org/@eslint/plugin-kit/-/plugin-kit-0.4.1.tgz 0ms (cache hit)
469 http cache @eslint/js@https://registry.npmjs.org/@eslint/js/-/js-9.39.4.tgz 0ms (cache hit)
470 http cache @eslint/object-schema@https://registry.npmjs.org/@eslint/object-schema/-/object-schema-2.1.7.tgz 0ms (cache hit)
471 http cache @eslint/eslintrc@https://registry.npmjs.org/@eslint/eslintrc/-/eslintrc-3.3.5.tgz 0ms (cache hit)
472 http cache @eslint/core@https://registry.npmjs.org/@eslint/core/-/core-0.17.0.tgz 0ms (cache hit)
473 http cache @eslint-community/eslint-utils@https://registry.npmjs.org/@eslint-community/eslint-utils/-/eslint-utils-4.9.1.tgz 0ms (cache hit)
474 http cache @eslint/config-array@https://registry.npmjs.org/@eslint/config-array/-/config-array-0.21.2.tgz 0ms (cache hit)
475 http cache @eslint/config-helpers@https://registry.npmjs.org/@eslint/config-helpers/-/config-helpers-0.4.2.tgz 0ms (cache hit)
476 http cache @eslint-community/regexpp@https://registry.npmjs.org/@eslint-community/regexpp/-/regexpp-4.12.2.tgz 0ms (cache hit)
477 http cache @emnapi/wasi-threads@https://registry.npmjs.org/@emnapi/wasi-threads/-/wasi-threads-1.2.1.tgz 0ms (cache hit)
478 http cache @emnapi/runtime@https://registry.npmjs.org/@emnapi/runtime/-/runtime-1.9.2.tgz 0ms (cache hit)
479 http cache @emnapi/core@https://registry.npmjs.org/@emnapi/core/-/core-1.9.2.tgz 0ms (cache hit)
480 http cache @babel/types@https://registry.npmjs.org/@babel/types/-/types-7.29.0.tgz 0ms (cache hit)
481 http cache @babel/traverse@https://registry.npmjs.org/@babel/traverse/-/traverse-7.29.0.tgz 0ms (cache hit)
482 http cache @babel/template@https://registry.npmjs.org/@babel/template/-/template-7.28.6.tgz 0ms (cache hit)
483 http cache @babel/parser@https://registry.npmjs.org/@babel/parser/-/parser-7.29.2.tgz 0ms (cache hit)
484 http cache @babel/helper-validator-option@https://registry.npmjs.org/@babel/helper-validator-option/-/helper-validator-option-7.27.1.tgz 1ms (cache hit)
485 http cache @babel/helpers@https://registry.npmjs.org/@babel/helpers/-/helpers-7.29.2.tgz 0ms (cache hit)
486 http cache @babel/helper-module-transforms@https://registry.npmjs.org/@babel/helper-module-transforms/-/helper-module-transforms-7.28.6.tgz 0ms (cache hit)
487 http cache @babel/helper-validator-identifier@https://registry.npmjs.org/@babel/helper-validator-identifier/-/helper-validator-identifier-7.28.5.tgz 0ms (cache hit)
488 http cache @babel/helper-string-parser@https://registry.npmjs.org/@babel/helper-string-parser/-/helper-string-parser-7.27.1.tgz 0ms (cache hit)
489 http cache @babel/helper-globals@https://registry.npmjs.org/@babel/helper-globals/-/helper-globals-7.28.0.tgz 0ms (cache hit)
490 http cache @babel/helper-module-imports@https://registry.npmjs.org/@babel/helper-module-imports/-/helper-module-imports-7.28.6.tgz 0ms (cache hit)
491 http cache @babel/helper-compilation-targets@https://registry.npmjs.org/@babel/helper-compilation-targets/-/helper-compilation-targets-7.28.6.tgz 0ms (cache hit)
492 http cache @babel/generator@https://registry.npmjs.org/@babel/generator/-/generator-7.29.1.tgz 0ms (cache hit)
493 http cache @babel/core@https://registry.npmjs.org/@babel/core/-/core-7.29.0.tgz 0ms (cache hit)
494 http cache @babel/compat-data@https://registry.npmjs.org/@babel/compat-data/-/compat-data-7.29.0.tgz 0ms (cache hit)
495 http cache @babel/code-frame@https://registry.npmjs.org/@babel/code-frame/-/code-frame-7.29.0.tgz 0ms (cache hit)
496 http cache fdir@https://registry.npmjs.org/fdir/-/fdir-6.5.0.tgz 0ms (cache hit)
497 http cache @alloc/quick-lru@https://registry.npmjs.org/@alloc/quick-lru/-/quick-lru-5.2.0.tgz 0ms (cache hit)
498 http cache picomatch@https://registry.npmjs.org/picomatch/-/picomatch-4.0.4.tgz 0ms (cache hit)
499 http cache semver@https://registry.npmjs.org/semver/-/semver-7.7.4.tgz 0ms (cache hit)
500 http cache json5@https://registry.npmjs.org/json5/-/json5-1.0.2.tgz 0ms (cache hit)
501 http cache semver@https://registry.npmjs.org/semver/-/semver-7.7.4.tgz 0ms (cache hit)
502 http cache glob-parent@https://registry.npmjs.org/glob-parent/-/glob-parent-5.1.2.tgz 0ms (cache hit)
503 http cache debug@https://registry.npmjs.org/debug/-/debug-3.2.7.tgz 0ms (cache hit)
504 http cache debug@https://registry.npmjs.org/debug/-/debug-3.2.7.tgz 0ms (cache hit)
505 http cache globals@https://registry.npmjs.org/globals/-/globals-16.4.0.tgz 0ms (cache hit)
506 http cache debug@https://registry.npmjs.org/debug/-/debug-3.2.7.tgz 0ms (cache hit)
507 http cache eslint-visitor-keys@https://registry.npmjs.org/eslint-visitor-keys/-/eslint-visitor-keys-5.0.1.tgz 0ms (cache hit)
508 http cache semver@https://registry.npmjs.org/semver/-/semver-7.7.4.tgz 0ms (cache hit)
509 http cache minimatch@https://registry.npmjs.org/minimatch/-/minimatch-10.2.5.tgz 0ms (cache hit)
510 http cache brace-expansion@https://registry.npmjs.org/brace-expansion/-/brace-expansion-5.0.6.tgz 0ms (cache hit)
511 http cache balanced-match@https://registry.npmjs.org/balanced-match/-/balanced-match-4.0.4.tgz 0ms (cache hit)
512 http cache eslint-visitor-keys@https://registry.npmjs.org/eslint-visitor-keys/-/eslint-visitor-keys-3.4.3.tgz 0ms (cache hit)
513 http cache ignore@https://registry.npmjs.org/ignore/-/ignore-7.0.5.tgz 0ms (cache hit)
514 silly tarball no local data for zod-validation-error@https://registry.npmjs.org/zod-validation-error/-/zod-validation-error-4.0.2.tgz. Extracting by manifest.
515 silly tarball no local data for zod@https://registry.npmjs.org/zod/-/zod-4.3.6.tgz. Extracting by manifest.
516 silly tarball no local data for yallist@https://registry.npmjs.org/yallist/-/yallist-3.1.1.tgz. Extracting by manifest.
517 silly tarball no local data for yocto-queue@https://registry.npmjs.org/yocto-queue/-/yocto-queue-0.1.0.tgz. Extracting by manifest.
518 silly tarball no local data for word-wrap@https://registry.npmjs.org/word-wrap/-/word-wrap-1.2.5.tgz. Extracting by manifest.
519 silly tarball no local data for which-typed-array@https://registry.npmjs.org/which-typed-array/-/which-typed-array-1.1.20.tgz. Extracting by manifest.
520 silly tarball no local data for which-collection@https://registry.npmjs.org/which-collection/-/which-collection-1.0.2.tgz. Extracting by manifest.
521 silly tarball no local data for which-builtin-type@https://registry.npmjs.org/which-builtin-type/-/which-builtin-type-1.2.1.tgz. Extracting by manifest.
522 silly tarball no local data for which-boxed-primitive@https://registry.npmjs.org/which-boxed-primitive/-/which-boxed-primitive-1.1.1.tgz. Extracting by manifest.
523 silly tarball no local data for which@https://registry.npmjs.org/which/-/which-2.0.2.tgz. Extracting by manifest.
524 silly tarball no local data for update-browserslist-db@https://registry.npmjs.org/update-browserslist-db/-/update-browserslist-db-1.2.3.tgz. Extracting by manifest.
525 silly tarball no local data for uri-js@https://registry.npmjs.org/uri-js/-/uri-js-4.4.1.tgz. Extracting by manifest.
526 silly tarball no local data for unbox-primitive@https://registry.npmjs.org/unbox-primitive/-/unbox-primitive-1.1.0.tgz. Extracting by manifest.
527 silly tarball no local data for unrs-resolver@https://registry.npmjs.org/unrs-resolver/-/unrs-resolver-1.11.1.tgz. Extracting by manifest.
528 silly tarball no local data for undici-types@https://registry.npmjs.org/undici-types/-/undici-types-6.21.0.tgz. Extracting by manifest.
529 silly tarball no local data for typescript-eslint@https://registry.npmjs.org/typescript-eslint/-/typescript-eslint-8.58.1.tgz. Extracting by manifest.
530 silly tarball no local data for typescript@https://registry.npmjs.org/typescript/-/typescript-5.9.3.tgz. Extracting by manifest.
531 silly tarball no local data for typed-array-length@https://registry.npmjs.org/typed-array-length/-/typed-array-length-1.0.7.tgz. Extracting by manifest.
532 silly tarball no local data for typed-array-byte-offset@https://registry.npmjs.org/typed-array-byte-offset/-/typed-array-byte-offset-1.0.4.tgz. Extracting by manifest.
533 silly tarball no local data for typed-array-buffer@https://registry.npmjs.org/typed-array-buffer/-/typed-array-buffer-1.0.3.tgz. Extracting by manifest.
534 silly tarball no local data for typed-array-byte-length@https://registry.npmjs.org/typed-array-byte-length/-/typed-array-byte-length-1.0.3.tgz. Extracting by manifest.
535 silly tarball no local data for type-check@https://registry.npmjs.org/type-check/-/type-check-0.4.0.tgz. Extracting by manifest.
536 silly tarball no local data for tsconfig-paths@https://registry.npmjs.org/tsconfig-paths/-/tsconfig-paths-3.15.0.tgz. Extracting by manifest.
537 silly tarball no local data for tslib@https://registry.npmjs.org/tslib/-/tslib-2.8.1.tgz. Extracting by manifest.
538 silly tarball no local data for ts-api-utils@https://registry.npmjs.org/ts-api-utils/-/ts-api-utils-2.5.0.tgz. Extracting by manifest.
539 silly tarball no local data for tinyglobby@https://registry.npmjs.org/tinyglobby/-/tinyglobby-0.2.16.tgz. Extracting by manifest.
540 silly tarball no local data for to-regex-range@https://registry.npmjs.org/to-regex-range/-/to-regex-range-5.0.1.tgz. Extracting by manifest.
541 silly tarball no local data for tailwindcss@https://registry.npmjs.org/tailwindcss/-/tailwindcss-4.2.2.tgz. Extracting by manifest.
542 silly tarball no local data for tapable@https://registry.npmjs.org/tapable/-/tapable-2.3.2.tgz. Extracting by manifest.
543 silly tarball no local data for supports-preserve-symlinks-flag@https://registry.npmjs.org/supports-preserve-symlinks-flag/-/supports-preserve-symlinks-flag-1.0.0.tgz. Extracting by manifest.
544 silly tarball no local data for supports-color@https://registry.npmjs.org/supports-color/-/supports-color-7.2.0.tgz. Extracting by manifest.
545 silly tarball no local data for strip-json-comments@https://registry.npmjs.org/strip-json-comments/-/strip-json-comments-3.1.1.tgz. Extracting by manifest.
546 silly tarball no local data for styled-jsx@https://registry.npmjs.org/styled-jsx/-/styled-jsx-5.1.6.tgz. Extracting by manifest.
547 silly tarball no local data for strip-bom@https://registry.npmjs.org/strip-bom/-/strip-bom-3.0.0.tgz. Extracting by manifest.
548 silly tarball no local data for string.prototype.trimstart@https://registry.npmjs.org/string.prototype.trimstart/-/string.prototype.trimstart-1.0.8.tgz. Extracting by manifest.
549 silly tarball no local data for string.prototype.trimend@https://registry.npmjs.org/string.prototype.trimend/-/string.prototype.trimend-1.0.9.tgz. Extracting by manifest.
550 silly tarball no local data for string.prototype.trim@https://registry.npmjs.org/string.prototype.trim/-/string.prototype.trim-1.2.10.tgz. Extracting by manifest.
551 silly tarball no local data for string.prototype.includes@https://registry.npmjs.org/string.prototype.includes/-/string.prototype.includes-2.0.1.tgz. Extracting by manifest.
552 silly tarball no local data for string.prototype.repeat@https://registry.npmjs.org/string.prototype.repeat/-/string.prototype.repeat-1.0.0.tgz. Extracting by manifest.
553 silly tarball no local data for string.prototype.matchall@https://registry.npmjs.org/string.prototype.matchall/-/string.prototype.matchall-4.0.12.tgz. Extracting by manifest.
554 silly tarball no local data for stop-iteration-iterator@https://registry.npmjs.org/stop-iteration-iterator/-/stop-iteration-iterator-1.1.0.tgz. Extracting by manifest.
555 silly tarball no local data for source-map-js@https://registry.npmjs.org/source-map-js/-/source-map-js-1.2.1.tgz. Extracting by manifest.
556 silly tarball no local data for stable-hash@https://registry.npmjs.org/stable-hash/-/stable-hash-0.0.5.tgz. Extracting by manifest.
557 silly tarball no local data for side-channel-map@https://registry.npmjs.org/side-channel-map/-/side-channel-map-1.0.1.tgz. Extracting by manifest.
558 silly tarball no local data for side-channel@https://registry.npmjs.org/side-channel/-/side-channel-1.1.0.tgz. Extracting by manifest.
559 silly tarball no local data for side-channel-weakmap@https://registry.npmjs.org/side-channel-weakmap/-/side-channel-weakmap-1.0.2.tgz. Extracting by manifest.
560 silly tarball no local data for side-channel-list@https://registry.npmjs.org/side-channel-list/-/side-channel-list-1.0.1.tgz. Extracting by manifest.
561 silly tarball no local data for shebang-regex@https://registry.npmjs.org/shebang-regex/-/shebang-regex-3.0.0.tgz. Extracting by manifest.
562 silly tarball no local data for shebang-command@https://registry.npmjs.org/shebang-command/-/shebang-command-2.0.0.tgz. Extracting by manifest.
563 silly tarball no local data for set-function-name@https://registry.npmjs.org/set-function-name/-/set-function-name-2.0.2.tgz. Extracting by manifest.
564 silly tarball no local data for set-proto@https://registry.npmjs.org/set-proto/-/set-proto-1.0.0.tgz. Extracting by manifest.
565 silly tarball no local data for sharp@https://registry.npmjs.org/sharp/-/sharp-0.34.5.tgz. Extracting by manifest.
566 silly tarball no local data for semver@https://registry.npmjs.org/semver/-/semver-6.3.1.tgz. Extracting by manifest.
567 silly tarball no local data for set-function-length@https://registry.npmjs.org/set-function-length/-/set-function-length-1.2.2.tgz. Extracting by manifest.
568 silly tarball no local data for scheduler@https://registry.npmjs.org/scheduler/-/scheduler-0.27.0.tgz. Extracting by manifest.
569 silly tarball no local data for safe-regex-test@https://registry.npmjs.org/safe-regex-test/-/safe-regex-test-1.1.0.tgz. Extracting by manifest.
570 silly tarball no local data for safe-push-apply@https://registry.npmjs.org/safe-push-apply/-/safe-push-apply-1.0.0.tgz. Extracting by manifest.
571 silly tarball no local data for safe-array-concat@https://registry.npmjs.org/safe-array-concat/-/safe-array-concat-1.1.3.tgz. Extracting by manifest.
572 silly tarball no local data for run-parallel@https://registry.npmjs.org/run-parallel/-/run-parallel-1.2.0.tgz. Extracting by manifest.
573 silly tarball no local data for resolve-pkg-maps@https://registry.npmjs.org/resolve-pkg-maps/-/resolve-pkg-maps-1.0.0.tgz. Extracting by manifest.
574 silly tarball no local data for reusify@https://registry.npmjs.org/reusify/-/reusify-1.1.0.tgz. Extracting by manifest.
575 silly tarball no local data for reflect.getprototypeof@https://registry.npmjs.org/reflect.getprototypeof/-/reflect.getprototypeof-1.0.10.tgz. Extracting by manifest.
576 silly tarball no local data for resolve-from@https://registry.npmjs.org/resolve-from/-/resolve-from-4.0.0.tgz. Extracting by manifest.
577 silly tarball no local data for regexp.prototype.flags@https://registry.npmjs.org/regexp.prototype.flags/-/regexp.prototype.flags-1.5.4.tgz. Extracting by manifest.
578 silly tarball no local data for resolve@https://registry.npmjs.org/resolve/-/resolve-2.0.0-next.6.tgz. Extracting by manifest.
579 silly tarball no local data for react-is@https://registry.npmjs.org/react-is/-/react-is-16.13.1.tgz. Extracting by manifest.
580 silly tarball no local data for react@https://registry.npmjs.org/react/-/react-19.2.4.tgz. Extracting by manifest.
581 silly tarball no local data for react-dom@https://registry.npmjs.org/react-dom/-/react-dom-19.2.4.tgz. Extracting by manifest.
582 silly tarball no local data for queue-microtask@https://registry.npmjs.org/queue-microtask/-/queue-microtask-1.2.3.tgz. Extracting by manifest.
583 silly tarball no local data for punycode@https://registry.npmjs.org/punycode/-/punycode-2.3.1.tgz. Extracting by manifest.
584 silly tarball no local data for prop-types@https://registry.npmjs.org/prop-types/-/prop-types-15.8.1.tgz. Extracting by manifest.
585 silly tarball no local data for prelude-ls@https://registry.npmjs.org/prelude-ls/-/prelude-ls-1.2.1.tgz. Extracting by manifest.
586 silly tarball no local data for possible-typed-array-names@https://registry.npmjs.org/possible-typed-array-names/-/possible-typed-array-names-1.1.0.tgz. Extracting by manifest.
587 silly tarball no local data for postcss@https://registry.npmjs.org/postcss/-/postcss-8.5.15.tgz. Extracting by manifest.
588 silly tarball no local data for path-parse@https://registry.npmjs.org/path-parse/-/path-parse-1.0.7.tgz. Extracting by manifest.
589 silly tarball no local data for picomatch@https://registry.npmjs.org/picomatch/-/picomatch-2.3.2.tgz. Extracting by manifest.
590 silly tarball no local data for picocolors@https://registry.npmjs.org/picocolors/-/picocolors-1.1.1.tgz. Extracting by manifest.
591 silly tarball no local data for path-key@https://registry.npmjs.org/path-key/-/path-key-3.1.1.tgz. Extracting by manifest.
592 silly tarball no local data for path-exists@https://registry.npmjs.org/path-exists/-/path-exists-4.0.0.tgz. Extracting by manifest.
593 silly tarball no local data for p-locate@https://registry.npmjs.org/p-locate/-/p-locate-5.0.0.tgz. Extracting by manifest.
594 silly tarball no local data for parent-module@https://registry.npmjs.org/parent-module/-/parent-module-1.0.1.tgz. Extracting by manifest.
595 silly tarball no local data for own-keys@https://registry.npmjs.org/own-keys/-/own-keys-1.0.1.tgz. Extracting by manifest.
596 silly tarball no local data for p-limit@https://registry.npmjs.org/p-limit/-/p-limit-3.1.0.tgz. Extracting by manifest.
597 silly tarball no local data for object.values@https://registry.npmjs.org/object.values/-/object.values-1.2.1.tgz. Extracting by manifest.
598 silly tarball no local data for optionator@https://registry.npmjs.org/optionator/-/optionator-0.9.4.tgz. Extracting by manifest.
599 silly tarball no local data for object.groupby@https://registry.npmjs.org/object.groupby/-/object.groupby-1.0.3.tgz. Extracting by manifest.
600 silly tarball no local data for object.entries@https://registry.npmjs.org/object.entries/-/object.entries-1.1.9.tgz. Extracting by manifest.
601 silly tarball no local data for object.fromentries@https://registry.npmjs.org/object.fromentries/-/object.fromentries-2.0.8.tgz. Extracting by manifest.
602 silly tarball no local data for object.assign@https://registry.npmjs.org/object.assign/-/object.assign-4.1.7.tgz. Extracting by manifest.
603 silly tarball no local data for object-inspect@https://registry.npmjs.org/object-inspect/-/object-inspect-1.13.4.tgz. Extracting by manifest.
604 silly tarball no local data for object-keys@https://registry.npmjs.org/object-keys/-/object-keys-1.1.1.tgz. Extracting by manifest.
605 silly tarball no local data for object-assign@https://registry.npmjs.org/object-assign/-/object-assign-4.1.1.tgz. Extracting by manifest.
606 silly tarball no local data for node-exports-info@https://registry.npmjs.org/node-exports-info/-/node-exports-info-1.6.0.tgz. Extracting by manifest.
607 silly tarball no local data for node-releases@https://registry.npmjs.org/node-releases/-/node-releases-2.0.37.tgz. Extracting by manifest.
608 silly tarball no local data for next@https://registry.npmjs.org/next/-/next-16.2.6.tgz. Extracting by manifest.
609 silly tarball no local data for napi-postinstall@https://registry.npmjs.org/napi-postinstall/-/napi-postinstall-0.3.4.tgz. Extracting by manifest.
610 silly tarball no local data for natural-compare@https://registry.npmjs.org/natural-compare/-/natural-compare-1.4.0.tgz. Extracting by manifest.
611 silly tarball no local data for nanoid@https://registry.npmjs.org/nanoid/-/nanoid-3.3.12.tgz. Extracting by manifest.
612 silly tarball no local data for ms@https://registry.npmjs.org/ms/-/ms-2.1.3.tgz. Extracting by manifest.
613 silly tarball no local data for motion-utils@https://registry.npmjs.org/motion-utils/-/motion-utils-12.36.0.tgz. Extracting by manifest.
614 silly tarball no local data for minimist@https://registry.npmjs.org/minimist/-/minimist-1.2.8.tgz. Extracting by manifest.
615 silly tarball no local data for motion-dom@https://registry.npmjs.org/motion-dom/-/motion-dom-12.38.0.tgz. Extracting by manifest.
616 silly tarball no local data for motion@https://registry.npmjs.org/motion/-/motion-12.38.0.tgz. Extracting by manifest.
617 silly tarball no local data for minimatch@https://registry.npmjs.org/minimatch/-/minimatch-3.1.5.tgz. Extracting by manifest.
618 silly tarball no local data for micromatch@https://registry.npmjs.org/micromatch/-/micromatch-4.0.8.tgz. Extracting by manifest.
619 silly tarball no local data for merge2@https://registry.npmjs.org/merge2/-/merge2-1.4.1.tgz. Extracting by manifest.
620 silly tarball no local data for math-intrinsics@https://registry.npmjs.org/math-intrinsics/-/math-intrinsics-1.1.0.tgz. Extracting by manifest.
621 silly tarball no local data for lru-cache@https://registry.npmjs.org/lru-cache/-/lru-cache-5.1.1.tgz. Extracting by manifest.
622 silly tarball no local data for magic-string@https://registry.npmjs.org/magic-string/-/magic-string-0.30.21.tgz. Extracting by manifest.
623 silly tarball no local data for loose-envify@https://registry.npmjs.org/loose-envify/-/loose-envify-1.4.0.tgz. Extracting by manifest.
624 silly tarball no local data for lodash.merge@https://registry.npmjs.org/lodash.merge/-/lodash.merge-4.6.2.tgz. Extracting by manifest.
625 silly tarball no local data for locate-path@https://registry.npmjs.org/locate-path/-/locate-path-6.0.0.tgz. Extracting by manifest.
626 silly tarball no local data for lightningcss-linux-x64-musl@https://registry.npmjs.org/lightningcss-linux-x64-musl/-/lightningcss-linux-x64-musl-1.32.0.tgz. Extracting by manifest.
627 silly tarball no local data for lightningcss@https://registry.npmjs.org/lightningcss/-/lightningcss-1.32.0.tgz. Extracting by manifest.
628 silly tarball no local data for lightningcss-linux-x64-gnu@https://registry.npmjs.org/lightningcss-linux-x64-gnu/-/lightningcss-linux-x64-gnu-1.32.0.tgz. Extracting by manifest.
629 silly tarball no local data for levn@https://registry.npmjs.org/levn/-/levn-0.4.1.tgz. Extracting by manifest.
630 silly tarball no local data for language-tags@https://registry.npmjs.org/language-tags/-/language-tags-1.0.9.tgz. Extracting by manifest.
631 silly tarball no local data for lenis@https://registry.npmjs.org/lenis/-/lenis-1.3.21.tgz. Extracting by manifest.
632 silly tarball no local data for language-subtag-registry@https://registry.npmjs.org/language-subtag-registry/-/language-subtag-registry-0.3.23.tgz. Extracting by manifest.
633 silly tarball no local data for jsx-ast-utils@https://registry.npmjs.org/jsx-ast-utils/-/jsx-ast-utils-3.3.5.tgz. Extracting by manifest.
634 silly tarball no local data for keyv@https://registry.npmjs.org/keyv/-/keyv-4.5.4.tgz. Extracting by manifest.
635 silly tarball no local data for json5@https://registry.npmjs.org/json5/-/json5-2.2.3.tgz. Extracting by manifest.
636 silly tarball no local data for json-stable-stringify-without-jsonify@https://registry.npmjs.org/json-stable-stringify-without-jsonify/-/json-stable-stringify-without-jsonify-1.0.1.tgz. Extracting by manifest.
637 silly tarball no local data for json-schema-traverse@https://registry.npmjs.org/json-schema-traverse/-/json-schema-traverse-0.4.1.tgz. Extracting by manifest.
638 silly tarball no local data for json-buffer@https://registry.npmjs.org/json-buffer/-/json-buffer-3.0.1.tgz. Extracting by manifest.
639 silly tarball no local data for jsesc@https://registry.npmjs.org/jsesc/-/jsesc-3.1.0.tgz. Extracting by manifest.
640 silly tarball no local data for js-tokens@https://registry.npmjs.org/js-tokens/-/js-tokens-4.0.0.tgz. Extracting by manifest.
641 silly tarball no local data for js-yaml@https://registry.npmjs.org/js-yaml/-/js-yaml-4.1.1.tgz. Extracting by manifest.
642 silly tarball no local data for isexe@https://registry.npmjs.org/isexe/-/isexe-2.0.0.tgz. Extracting by manifest.
643 silly tarball no local data for jiti@https://registry.npmjs.org/jiti/-/jiti-2.6.1.tgz. Extracting by manifest.
644 silly tarball no local data for iterator.prototype@https://registry.npmjs.org/iterator.prototype/-/iterator.prototype-1.1.5.tgz. Extracting by manifest.
645 silly tarball no local data for isarray@https://registry.npmjs.org/isarray/-/isarray-2.0.5.tgz. Extracting by manifest.
646 silly tarball no local data for is-weakset@https://registry.npmjs.org/is-weakset/-/is-weakset-2.0.4.tgz. Extracting by manifest.
647 silly tarball no local data for is-symbol@https://registry.npmjs.org/is-symbol/-/is-symbol-1.1.1.tgz. Extracting by manifest.
648 silly tarball no local data for is-weakmap@https://registry.npmjs.org/is-weakmap/-/is-weakmap-2.0.2.tgz. Extracting by manifest.
649 silly tarball no local data for is-weakref@https://registry.npmjs.org/is-weakref/-/is-weakref-1.1.1.tgz. Extracting by manifest.
650 silly tarball no local data for is-typed-array@https://registry.npmjs.org/is-typed-array/-/is-typed-array-1.1.15.tgz. Extracting by manifest.
651 silly tarball no local data for is-string@https://registry.npmjs.org/is-string/-/is-string-1.1.1.tgz. Extracting by manifest.
652 silly tarball no local data for is-shared-array-buffer@https://registry.npmjs.org/is-shared-array-buffer/-/is-shared-array-buffer-1.0.4.tgz. Extracting by manifest.
653 silly tarball no local data for is-regex@https://registry.npmjs.org/is-regex/-/is-regex-1.2.1.tgz. Extracting by manifest.
654 silly tarball no local data for is-set@https://registry.npmjs.org/is-set/-/is-set-2.0.3.tgz. Extracting by manifest.
655 silly tarball no local data for is-number-object@https://registry.npmjs.org/is-number-object/-/is-number-object-1.1.1.tgz. Extracting by manifest.
656 silly tarball no local data for is-number@https://registry.npmjs.org/is-number/-/is-number-7.0.0.tgz. Extracting by manifest.
657 silly tarball no local data for is-glob@https://registry.npmjs.org/is-glob/-/is-glob-4.0.3.tgz. Extracting by manifest.
658 silly tarball no local data for is-map@https://registry.npmjs.org/is-map/-/is-map-2.0.3.tgz. Extracting by manifest.
659 silly tarball no local data for is-negative-zero@https://registry.npmjs.org/is-negative-zero/-/is-negative-zero-2.0.3.tgz. Extracting by manifest.
660 silly tarball no local data for is-generator-function@https://registry.npmjs.org/is-generator-function/-/is-generator-function-1.1.2.tgz. Extracting by manifest.
661 silly tarball no local data for is-extglob@https://registry.npmjs.org/is-extglob/-/is-extglob-2.1.1.tgz. Extracting by manifest.
662 silly tarball no local data for is-finalizationregistry@https://registry.npmjs.org/is-finalizationregistry/-/is-finalizationregistry-1.1.1.tgz. Extracting by manifest.
663 silly tarball no local data for is-date-object@https://registry.npmjs.org/is-date-object/-/is-date-object-1.1.0.tgz. Extracting by manifest.
664 silly tarball no local data for is-data-view@https://registry.npmjs.org/is-data-view/-/is-data-view-1.0.2.tgz. Extracting by manifest.
665 silly tarball no local data for is-core-module@https://registry.npmjs.org/is-core-module/-/is-core-module-2.16.1.tgz. Extracting by manifest.
666 silly tarball no local data for is-bun-module@https://registry.npmjs.org/is-bun-module/-/is-bun-module-2.0.0.tgz. Extracting by manifest.
667 silly tarball no local data for is-boolean-object@https://registry.npmjs.org/is-boolean-object/-/is-boolean-object-1.2.2.tgz. Extracting by manifest.
668 silly tarball no local data for is-callable@https://registry.npmjs.org/is-callable/-/is-callable-1.2.7.tgz. Extracting by manifest.
669 silly tarball no local data for is-async-function@https://registry.npmjs.org/is-async-function/-/is-async-function-2.1.1.tgz. Extracting by manifest.
670 silly tarball no local data for is-bigint@https://registry.npmjs.org/is-bigint/-/is-bigint-1.1.0.tgz. Extracting by manifest.
671 silly tarball no local data for is-array-buffer@https://registry.npmjs.org/is-array-buffer/-/is-array-buffer-3.0.5.tgz. Extracting by manifest.
672 silly tarball no local data for import-fresh@https://registry.npmjs.org/import-fresh/-/import-fresh-3.3.1.tgz. Extracting by manifest.
673 silly tarball no local data for internal-slot@https://registry.npmjs.org/internal-slot/-/internal-slot-1.1.0.tgz. Extracting by manifest.
674 silly tarball no local data for ignore@https://registry.npmjs.org/ignore/-/ignore-5.3.2.tgz. Extracting by manifest.
675 silly tarball no local data for hermes-parser@https://registry.npmjs.org/hermes-parser/-/hermes-parser-0.25.1.tgz. Extracting by manifest.
676 silly tarball no local data for imurmurhash@https://registry.npmjs.org/imurmurhash/-/imurmurhash-0.1.4.tgz. Extracting by manifest.
677 silly tarball no local data for hermes-estree@https://registry.npmjs.org/hermes-estree/-/hermes-estree-0.25.1.tgz. Extracting by manifest.
678 silly tarball no local data for hasown@https://registry.npmjs.org/hasown/-/hasown-2.0.2.tgz. Extracting by manifest.
679 silly tarball no local data for has-tostringtag@https://registry.npmjs.org/has-tostringtag/-/has-tostringtag-1.0.2.tgz. Extracting by manifest.
680 silly tarball no local data for has-symbols@https://registry.npmjs.org/has-symbols/-/has-symbols-1.1.0.tgz. Extracting by manifest.
681 silly tarball no local data for has-proto@https://registry.npmjs.org/has-proto/-/has-proto-1.2.0.tgz. Extracting by manifest.
682 silly tarball no local data for has-bigints@https://registry.npmjs.org/has-bigints/-/has-bigints-1.1.0.tgz. Extracting by manifest.
683 silly tarball no local data for has-property-descriptors@https://registry.npmjs.org/has-property-descriptors/-/has-property-descriptors-1.0.2.tgz. Extracting by manifest.
684 silly tarball no local data for has-flag@https://registry.npmjs.org/has-flag/-/has-flag-4.0.0.tgz. Extracting by manifest.
685 silly tarball no local data for graceful-fs@https://registry.npmjs.org/graceful-fs/-/graceful-fs-4.2.11.tgz. Extracting by manifest.
686 silly tarball no local data for gopd@https://registry.npmjs.org/gopd/-/gopd-1.2.0.tgz. Extracting by manifest.
687 silly tarball no local data for globalthis@https://registry.npmjs.org/globalthis/-/globalthis-1.0.4.tgz. Extracting by manifest.
688 silly tarball no local data for globals@https://registry.npmjs.org/globals/-/globals-14.0.0.tgz. Extracting by manifest.
689 silly tarball no local data for get-tsconfig@https://registry.npmjs.org/get-tsconfig/-/get-tsconfig-4.13.7.tgz. Extracting by manifest.
690 silly tarball no local data for glob-parent@https://registry.npmjs.org/glob-parent/-/glob-parent-6.0.2.tgz. Extracting by manifest.
691 silly tarball no local data for get-symbol-description@https://registry.npmjs.org/get-symbol-description/-/get-symbol-description-1.1.0.tgz. Extracting by manifest.
692 silly tarball no local data for get-intrinsic@https://registry.npmjs.org/get-intrinsic/-/get-intrinsic-1.3.0.tgz. Extracting by manifest.
693 silly tarball no local data for get-proto@https://registry.npmjs.org/get-proto/-/get-proto-1.0.1.tgz. Extracting by manifest.
694 silly tarball no local data for gensync@https://registry.npmjs.org/gensync/-/gensync-1.0.0-beta.2.tgz. Extracting by manifest.
695 silly tarball no local data for functions-have-names@https://registry.npmjs.org/functions-have-names/-/functions-have-names-1.2.3.tgz. Extracting by manifest.
696 silly tarball no local data for generator-function@https://registry.npmjs.org/generator-function/-/generator-function-2.0.1.tgz. Extracting by manifest.
697 silly tarball no local data for function-bind@https://registry.npmjs.org/function-bind/-/function-bind-1.1.2.tgz. Extracting by manifest.
698 silly tarball no local data for function.prototype.name@https://registry.npmjs.org/function.prototype.name/-/function.prototype.name-1.1.8.tgz. Extracting by manifest.
699 silly tarball no local data for framer-motion@https://registry.npmjs.org/framer-motion/-/framer-motion-12.38.0.tgz. Extracting by manifest.
700 silly tarball no local data for for-each@https://registry.npmjs.org/for-each/-/for-each-0.3.5.tgz. Extracting by manifest.
701 silly tarball no local data for find-up@https://registry.npmjs.org/find-up/-/find-up-5.0.0.tgz. Extracting by manifest.
702 silly tarball no local data for flat-cache@https://registry.npmjs.org/flat-cache/-/flat-cache-4.0.1.tgz. Extracting by manifest.
703 silly tarball no local data for flatted@https://registry.npmjs.org/flatted/-/flatted-3.4.2.tgz. Extracting by manifest.
704 silly tarball no local data for fill-range@https://registry.npmjs.org/fill-range/-/fill-range-7.1.1.tgz. Extracting by manifest.
705 silly tarball no local data for file-entry-cache@https://registry.npmjs.org/file-entry-cache/-/file-entry-cache-8.0.0.tgz. Extracting by manifest.
706 silly tarball no local data for fastq@https://registry.npmjs.org/fastq/-/fastq-1.20.1.tgz. Extracting by manifest.
707 silly tarball no local data for fast-levenshtein@https://registry.npmjs.org/fast-levenshtein/-/fast-levenshtein-2.0.6.tgz. Extracting by manifest.
708 silly tarball no local data for fast-json-stable-stringify@https://registry.npmjs.org/fast-json-stable-stringify/-/fast-json-stable-stringify-2.1.0.tgz. Extracting by manifest.
709 silly tarball no local data for fast-glob@https://registry.npmjs.org/fast-glob/-/fast-glob-3.3.1.tgz. Extracting by manifest.
710 silly tarball no local data for fast-deep-equal@https://registry.npmjs.org/fast-deep-equal/-/fast-deep-equal-3.1.3.tgz. Extracting by manifest.
711 silly tarball no local data for estraverse@https://registry.npmjs.org/estraverse/-/estraverse-5.3.0.tgz. Extracting by manifest.
712 silly tarball no local data for esutils@https://registry.npmjs.org/esutils/-/esutils-2.0.3.tgz. Extracting by manifest.
713 silly tarball no local data for esrecurse@https://registry.npmjs.org/esrecurse/-/esrecurse-4.3.0.tgz. Extracting by manifest.
714 silly tarball no local data for espree@https://registry.npmjs.org/espree/-/espree-10.4.0.tgz. Extracting by manifest.
715 silly tarball no local data for esquery@https://registry.npmjs.org/esquery/-/esquery-1.7.0.tgz. Extracting by manifest.
716 silly tarball no local data for eslint-visitor-keys@https://registry.npmjs.org/eslint-visitor-keys/-/eslint-visitor-keys-4.2.1.tgz. Extracting by manifest.
717 silly tarball no local data for eslint-plugin-react-hooks@https://registry.npmjs.org/eslint-plugin-react-hooks/-/eslint-plugin-react-hooks-7.0.1.tgz. Extracting by manifest.
718 silly tarball no local data for eslint-scope@https://registry.npmjs.org/eslint-scope/-/eslint-scope-8.4.0.tgz. Extracting by manifest.
719 silly tarball no local data for eslint-plugin-react@https://registry.npmjs.org/eslint-plugin-react/-/eslint-plugin-react-7.37.5.tgz. Extracting by manifest.
720 silly tarball no local data for eslint-plugin-import@https://registry.npmjs.org/eslint-plugin-import/-/eslint-plugin-import-2.32.0.tgz. Extracting by manifest.
721 silly tarball no local data for eslint-plugin-jsx-a11y@https://registry.npmjs.org/eslint-plugin-jsx-a11y/-/eslint-plugin-jsx-a11y-6.10.2.tgz. Extracting by manifest.
722 silly tarball no local data for eslint-import-resolver-node@https://registry.npmjs.org/eslint-import-resolver-node/-/eslint-import-resolver-node-0.3.10.tgz. Extracting by manifest.
723 silly tarball no local data for eslint-module-utils@https://registry.npmjs.org/eslint-module-utils/-/eslint-module-utils-2.12.1.tgz. Extracting by manifest.
724 silly tarball no local data for eslint-config-next@https://registry.npmjs.org/eslint-config-next/-/eslint-config-next-16.2.6.tgz. Extracting by manifest.
725 silly tarball no local data for eslint@https://registry.npmjs.org/eslint/-/eslint-9.39.4.tgz. Extracting by manifest.
726 silly tarball no local data for eslint-import-resolver-typescript@https://registry.npmjs.org/eslint-import-resolver-typescript/-/eslint-import-resolver-typescript-3.10.1.tgz. Extracting by manifest.
727 silly tarball no local data for escape-string-regexp@https://registry.npmjs.org/escape-string-regexp/-/escape-string-regexp-4.0.0.tgz. Extracting by manifest.
728 silly tarball no local data for es-to-primitive@https://registry.npmjs.org/es-to-primitive/-/es-to-primitive-1.3.0.tgz. Extracting by manifest.
729 silly tarball no local data for escalade@https://registry.npmjs.org/escalade/-/escalade-3.2.0.tgz. Extracting by manifest.
730 silly tarball no local data for es-shim-unscopables@https://registry.npmjs.org/es-shim-unscopables/-/es-shim-unscopables-1.1.0.tgz. Extracting by manifest.
731 silly tarball no local data for es-object-atoms@https://registry.npmjs.org/es-object-atoms/-/es-object-atoms-1.1.1.tgz. Extracting by manifest.
732 silly tarball no local data for es-set-tostringtag@https://registry.npmjs.org/es-set-tostringtag/-/es-set-tostringtag-2.1.0.tgz. Extracting by manifest.
733 silly tarball no local data for es-iterator-helpers@https://registry.npmjs.org/es-iterator-helpers/-/es-iterator-helpers-1.3.1.tgz. Extracting by manifest.
734 silly tarball no local data for es-errors@https://registry.npmjs.org/es-errors/-/es-errors-1.3.0.tgz. Extracting by manifest.
735 silly tarball no local data for es-define-property@https://registry.npmjs.org/es-define-property/-/es-define-property-1.0.1.tgz. Extracting by manifest.
736 silly tarball no local data for es-abstract@https://registry.npmjs.org/es-abstract/-/es-abstract-1.24.2.tgz. Extracting by manifest.
737 silly tarball no local data for enhanced-resolve@https://registry.npmjs.org/enhanced-resolve/-/enhanced-resolve-5.20.1.tgz. Extracting by manifest.
738 silly tarball no local data for emoji-regex@https://registry.npmjs.org/emoji-regex/-/emoji-regex-9.2.2.tgz. Extracting by manifest.
739 silly tarball no local data for electron-to-chromium@https://registry.npmjs.org/electron-to-chromium/-/electron-to-chromium-1.5.334.tgz. Extracting by manifest.
740 silly tarball no local data for dunder-proto@https://registry.npmjs.org/dunder-proto/-/dunder-proto-1.0.1.tgz. Extracting by manifest.
741 silly tarball no local data for doctrine@https://registry.npmjs.org/doctrine/-/doctrine-2.1.0.tgz. Extracting by manifest.
742 silly tarball no local data for define-properties@https://registry.npmjs.org/define-properties/-/define-properties-1.2.1.tgz. Extracting by manifest.
743 silly tarball no local data for detect-libc@https://registry.npmjs.org/detect-libc/-/detect-libc-2.1.2.tgz. Extracting by manifest.
744 silly tarball no local data for define-data-property@https://registry.npmjs.org/define-data-property/-/define-data-property-1.1.4.tgz. Extracting by manifest.
745 silly tarball no local data for deep-is@https://registry.npmjs.org/deep-is/-/deep-is-0.1.4.tgz. Extracting by manifest.
746 silly tarball no local data for debug@https://registry.npmjs.org/debug/-/debug-4.4.3.tgz. Extracting by manifest.
747 silly tarball no local data for data-view-byte-offset@https://registry.npmjs.org/data-view-byte-offset/-/data-view-byte-offset-1.0.1.tgz. Extracting by manifest.
748 silly tarball no local data for data-view-byte-length@https://registry.npmjs.org/data-view-byte-length/-/data-view-byte-length-1.0.2.tgz. Extracting by manifest.
749 silly tarball no local data for csstype@https://registry.npmjs.org/csstype/-/csstype-3.2.3.tgz. Extracting by manifest.
750 silly tarball no local data for data-view-buffer@https://registry.npmjs.org/data-view-buffer/-/data-view-buffer-1.0.2.tgz. Extracting by manifest.
751 silly tarball no local data for cross-spawn@https://registry.npmjs.org/cross-spawn/-/cross-spawn-7.0.6.tgz. Extracting by manifest.
752 silly tarball no local data for damerau-levenshtein@https://registry.npmjs.org/damerau-levenshtein/-/damerau-levenshtein-1.0.8.tgz. Extracting by manifest.
753 silly tarball no local data for convert-source-map@https://registry.npmjs.org/convert-source-map/-/convert-source-map-2.0.0.tgz. Extracting by manifest.
754 silly tarball no local data for concat-map@https://registry.npmjs.org/concat-map/-/concat-map-0.0.1.tgz. Extracting by manifest.
755 silly tarball no local data for color-name@https://registry.npmjs.org/color-name/-/color-name-1.1.4.tgz. Extracting by manifest.
756 silly tarball no local data for color-convert@https://registry.npmjs.org/color-convert/-/color-convert-2.0.1.tgz. Extracting by manifest.
757 silly tarball no local data for callsites@https://registry.npmjs.org/callsites/-/callsites-3.1.0.tgz. Extracting by manifest.
758 silly tarball no local data for chalk@https://registry.npmjs.org/chalk/-/chalk-4.1.2.tgz. Extracting by manifest.
759 silly tarball no local data for client-only@https://registry.npmjs.org/client-only/-/client-only-0.0.1.tgz. Extracting by manifest.
760 silly tarball no local data for caniuse-lite@https://registry.npmjs.org/caniuse-lite/-/caniuse-lite-1.0.30001787.tgz. Extracting by manifest.
761 silly tarball no local data for call-bound@https://registry.npmjs.org/call-bound/-/call-bound-1.0.4.tgz. Extracting by manifest.
762 silly tarball no local data for call-bind-apply-helpers@https://registry.npmjs.org/call-bind-apply-helpers/-/call-bind-apply-helpers-1.0.2.tgz. Extracting by manifest.
763 silly tarball no local data for call-bind@https://registry.npmjs.org/call-bind/-/call-bind-1.0.8.tgz. Extracting by manifest.
764 silly tarball no local data for browserslist@https://registry.npmjs.org/browserslist/-/browserslist-4.28.2.tgz. Extracting by manifest.
765 silly tarball no local data for braces@https://registry.npmjs.org/braces/-/braces-3.0.3.tgz. Extracting by manifest.
766 silly tarball no local data for baseline-browser-mapping@https://registry.npmjs.org/baseline-browser-mapping/-/baseline-browser-mapping-2.10.16.tgz. Extracting by manifest.
767 silly tarball no local data for axobject-query@https://registry.npmjs.org/axobject-query/-/axobject-query-4.1.0.tgz. Extracting by manifest.
768 silly tarball no local data for brace-expansion@https://registry.npmjs.org/brace-expansion/-/brace-expansion-1.1.13.tgz. Extracting by manifest.
769 silly tarball no local data for balanced-match@https://registry.npmjs.org/balanced-match/-/balanced-match-1.0.2.tgz. Extracting by manifest.
770 silly tarball no local data for axe-core@https://registry.npmjs.org/axe-core/-/axe-core-4.11.2.tgz. Extracting by manifest.
771 silly tarball no local data for available-typed-arrays@https://registry.npmjs.org/available-typed-arrays/-/available-typed-arrays-1.0.7.tgz. Extracting by manifest.
772 silly tarball no local data for async-function@https://registry.npmjs.org/async-function/-/async-function-1.0.0.tgz. Extracting by manifest.
773 silly tarball no local data for ast-types-flow@https://registry.npmjs.org/ast-types-flow/-/ast-types-flow-0.0.8.tgz. Extracting by manifest.
774 silly tarball no local data for arraybuffer.prototype.slice@https://registry.npmjs.org/arraybuffer.prototype.slice/-/arraybuffer.prototype.slice-1.0.4.tgz. Extracting by manifest.
775 silly tarball no local data for array.prototype.tosorted@https://registry.npmjs.org/array.prototype.tosorted/-/array.prototype.tosorted-1.1.4.tgz. Extracting by manifest.
776 silly tarball no local data for array.prototype.findlastindex@https://registry.npmjs.org/array.prototype.findlastindex/-/array.prototype.findlastindex-1.2.6.tgz. Extracting by manifest.
777 silly tarball no local data for array.prototype.flatmap@https://registry.npmjs.org/array.prototype.flatmap/-/array.prototype.flatmap-1.3.3.tgz. Extracting by manifest.
778 silly tarball no local data for array.prototype.flat@https://registry.npmjs.org/array.prototype.flat/-/array.prototype.flat-1.3.3.tgz. Extracting by manifest.
779 silly tarball no local data for array-includes@https://registry.npmjs.org/array-includes/-/array-includes-3.1.9.tgz. Extracting by manifest.
780 silly tarball no local data for array.prototype.findlast@https://registry.npmjs.org/array.prototype.findlast/-/array.prototype.findlast-1.2.5.tgz. Extracting by manifest.
781 silly tarball no local data for array-buffer-byte-length@https://registry.npmjs.org/array-buffer-byte-length/-/array-buffer-byte-length-1.0.2.tgz. Extracting by manifest.
782 silly tarball no local data for aria-query@https://registry.npmjs.org/aria-query/-/aria-query-5.3.2.tgz. Extracting by manifest.
783 silly tarball no local data for argparse@https://registry.npmjs.org/argparse/-/argparse-2.0.1.tgz. Extracting by manifest.
784 silly tarball no local data for ajv@https://registry.npmjs.org/ajv/-/ajv-6.14.0.tgz. Extracting by manifest.
785 silly tarball no local data for ansi-styles@https://registry.npmjs.org/ansi-styles/-/ansi-styles-4.3.0.tgz. Extracting by manifest.
786 silly tarball no local data for acorn-jsx@https://registry.npmjs.org/acorn-jsx/-/acorn-jsx-5.3.2.tgz. Extracting by manifest.
787 silly tarball no local data for acorn@https://registry.npmjs.org/acorn/-/acorn-8.16.0.tgz. Extracting by manifest.
788 silly tarball no local data for @typescript-eslint/utils@https://registry.npmjs.org/@typescript-eslint/utils/-/utils-8.58.1.tgz. Extracting by manifest.
789 silly tarball no local data for @unrs/resolver-binding-linux-x64-musl@https://registry.npmjs.org/@unrs/resolver-binding-linux-x64-musl/-/resolver-binding-linux-x64-musl-1.11.1.tgz. Extracting by manifest.
790 silly tarball no local data for @typescript-eslint/visitor-keys@https://registry.npmjs.org/@typescript-eslint/visitor-keys/-/visitor-keys-8.58.1.tgz. Extracting by manifest.
791 silly tarball no local data for @unrs/resolver-binding-linux-x64-gnu@https://registry.npmjs.org/@unrs/resolver-binding-linux-x64-gnu/-/resolver-binding-linux-x64-gnu-1.11.1.tgz. Extracting by manifest.
792 silly tarball no local data for @typescript-eslint/typescript-estree@https://registry.npmjs.org/@typescript-eslint/typescript-estree/-/typescript-estree-8.58.1.tgz. Extracting by manifest.
793 silly tarball no local data for @typescript-eslint/types@https://registry.npmjs.org/@typescript-eslint/types/-/types-8.58.1.tgz. Extracting by manifest.
794 silly tarball no local data for @typescript-eslint/type-utils@https://registry.npmjs.org/@typescript-eslint/type-utils/-/type-utils-8.58.1.tgz. Extracting by manifest.
795 silly tarball no local data for @typescript-eslint/scope-manager@https://registry.npmjs.org/@typescript-eslint/scope-manager/-/scope-manager-8.58.1.tgz. Extracting by manifest.
796 silly tarball no local data for @typescript-eslint/tsconfig-utils@https://registry.npmjs.org/@typescript-eslint/tsconfig-utils/-/tsconfig-utils-8.58.1.tgz. Extracting by manifest.
797 silly tarball no local data for @typescript-eslint/project-service@https://registry.npmjs.org/@typescript-eslint/project-service/-/project-service-8.58.1.tgz. Extracting by manifest.
798 silly tarball no local data for @typescript-eslint/eslint-plugin@https://registry.npmjs.org/@typescript-eslint/eslint-plugin/-/eslint-plugin-8.58.1.tgz. Extracting by manifest.
799 silly tarball no local data for @typescript-eslint/parser@https://registry.npmjs.org/@typescript-eslint/parser/-/parser-8.58.1.tgz. Extracting by manifest.
800 silly tarball no local data for @types/react-dom@https://registry.npmjs.org/@types/react-dom/-/react-dom-19.2.3.tgz. Extracting by manifest.
801 silly tarball no local data for @types/node@https://registry.npmjs.org/@types/node/-/node-20.19.39.tgz. Extracting by manifest.
802 silly tarball no local data for @types/react@https://registry.npmjs.org/@types/react/-/react-19.2.14.tgz. Extracting by manifest.
803 silly tarball no local data for @types/json5@https://registry.npmjs.org/@types/json5/-/json5-0.0.29.tgz. Extracting by manifest.
804 silly tarball no local data for @types/json-schema@https://registry.npmjs.org/@types/json-schema/-/json-schema-7.0.15.tgz. Extracting by manifest.
805 silly tarball no local data for @types/estree@https://registry.npmjs.org/@types/estree/-/estree-1.0.8.tgz. Extracting by manifest.
806 silly tarball no local data for @tybys/wasm-util@https://registry.npmjs.org/@tybys/wasm-util/-/wasm-util-0.10.1.tgz. Extracting by manifest.
807 silly tarball no local data for @tailwindcss/oxide-linux-x64-gnu@https://registry.npmjs.org/@tailwindcss/oxide-linux-x64-gnu/-/oxide-linux-x64-gnu-4.2.2.tgz. Extracting by manifest.
808 silly tarball no local data for @tailwindcss/postcss@https://registry.npmjs.org/@tailwindcss/postcss/-/postcss-4.2.2.tgz. Extracting by manifest.
809 silly tarball no local data for @tailwindcss/oxide-linux-x64-musl@https://registry.npmjs.org/@tailwindcss/oxide-linux-x64-musl/-/oxide-linux-x64-musl-4.2.2.tgz. Extracting by manifest.
810 silly tarball no local data for @tailwindcss/oxide@https://registry.npmjs.org/@tailwindcss/oxide/-/oxide-4.2.2.tgz. Extracting by manifest.
811 silly tarball no local data for @tailwindcss/node@https://registry.npmjs.org/@tailwindcss/node/-/node-4.2.2.tgz. Extracting by manifest.
812 silly tarball no local data for @swc/helpers@https://registry.npmjs.org/@swc/helpers/-/helpers-0.5.15.tgz. Extracting by manifest.
813 silly tarball no local data for @rtsao/scc@https://registry.npmjs.org/@rtsao/scc/-/scc-1.1.0.tgz. Extracting by manifest.
814 silly tarball no local data for @nodelib/fs.walk@https://registry.npmjs.org/@nodelib/fs.walk/-/fs.walk-1.2.8.tgz. Extracting by manifest.
815 silly tarball no local data for @nolyfill/is-core-module@https://registry.npmjs.org/@nolyfill/is-core-module/-/is-core-module-1.0.39.tgz. Extracting by manifest.
816 silly tarball no local data for @nodelib/fs.stat@https://registry.npmjs.org/@nodelib/fs.stat/-/fs.stat-2.0.5.tgz. Extracting by manifest.
817 silly tarball no local data for @next/swc-linux-x64-musl@https://registry.npmjs.org/@next/swc-linux-x64-musl/-/swc-linux-x64-musl-16.2.6.tgz. Extracting by manifest.
818 silly tarball no local data for @nodelib/fs.scandir@https://registry.npmjs.org/@nodelib/fs.scandir/-/fs.scandir-2.1.5.tgz. Extracting by manifest.
819 silly tarball no local data for @next/swc-linux-x64-gnu@https://registry.npmjs.org/@next/swc-linux-x64-gnu/-/swc-linux-x64-gnu-16.2.6.tgz. Extracting by manifest.
820 silly tarball no local data for @napi-rs/wasm-runtime@https://registry.npmjs.org/@napi-rs/wasm-runtime/-/wasm-runtime-0.2.12.tgz. Extracting by manifest.
821 silly tarball no local data for @next/env@https://registry.npmjs.org/@next/env/-/env-16.2.6.tgz. Extracting by manifest.
822 silly tarball no local data for @next/eslint-plugin-next@https://registry.npmjs.org/@next/eslint-plugin-next/-/eslint-plugin-next-16.2.6.tgz. Extracting by manifest.
823 silly tarball no local data for @jridgewell/trace-mapping@https://registry.npmjs.org/@jridgewell/trace-mapping/-/trace-mapping-0.3.31.tgz. Extracting by manifest.
824 silly tarball no local data for @jridgewell/sourcemap-codec@https://registry.npmjs.org/@jridgewell/sourcemap-codec/-/sourcemap-codec-1.5.5.tgz. Extracting by manifest.
825 silly tarball no local data for @jridgewell/resolve-uri@https://registry.npmjs.org/@jridgewell/resolve-uri/-/resolve-uri-3.1.2.tgz. Extracting by manifest.
826 silly tarball no local data for @jridgewell/remapping@https://registry.npmjs.org/@jridgewell/remapping/-/remapping-2.3.5.tgz. Extracting by manifest.
827 silly tarball no local data for @jridgewell/gen-mapping@https://registry.npmjs.org/@jridgewell/gen-mapping/-/gen-mapping-0.3.13.tgz. Extracting by manifest.
828 silly tarball no local data for @img/sharp-linuxmusl-x64@https://registry.npmjs.org/@img/sharp-linuxmusl-x64/-/sharp-linuxmusl-x64-0.34.5.tgz. Extracting by manifest.
829 silly tarball no local data for @img/sharp-linux-x64@https://registry.npmjs.org/@img/sharp-linux-x64/-/sharp-linux-x64-0.34.5.tgz. Extracting by manifest.
830 silly tarball no local data for @img/colour@https://registry.npmjs.org/@img/colour/-/colour-1.1.0.tgz. Extracting by manifest.
831 silly tarball no local data for @img/sharp-libvips-linuxmusl-x64@https://registry.npmjs.org/@img/sharp-libvips-linuxmusl-x64/-/sharp-libvips-linuxmusl-x64-1.2.4.tgz. Extracting by manifest.
832 silly tarball no local data for @img/sharp-libvips-linux-x64@https://registry.npmjs.org/@img/sharp-libvips-linux-x64/-/sharp-libvips-linux-x64-1.2.4.tgz. Extracting by manifest.
833 silly tarball no local data for @humanfs/node@https://registry.npmjs.org/@humanfs/node/-/node-0.16.7.tgz. Extracting by manifest.
834 silly tarball no local data for @humanwhocodes/module-importer@https://registry.npmjs.org/@humanwhocodes/module-importer/-/module-importer-1.0.1.tgz. Extracting by manifest.
835 silly tarball no local data for @humanwhocodes/retry@https://registry.npmjs.org/@humanwhocodes/retry/-/retry-0.4.3.tgz. Extracting by manifest.
836 silly tarball no local data for @humanfs/core@https://registry.npmjs.org/@humanfs/core/-/core-0.19.1.tgz. Extracting by manifest.
837 silly tarball no local data for @eslint/plugin-kit@https://registry.npmjs.org/@eslint/plugin-kit/-/plugin-kit-0.4.1.tgz. Extracting by manifest.
838 silly tarball no local data for @eslint/js@https://registry.npmjs.org/@eslint/js/-/js-9.39.4.tgz. Extracting by manifest.
839 silly tarball no local data for @eslint/object-schema@https://registry.npmjs.org/@eslint/object-schema/-/object-schema-2.1.7.tgz. Extracting by manifest.
840 silly tarball no local data for @eslint/eslintrc@https://registry.npmjs.org/@eslint/eslintrc/-/eslintrc-3.3.5.tgz. Extracting by manifest.
841 silly tarball no local data for @eslint/core@https://registry.npmjs.org/@eslint/core/-/core-0.17.0.tgz. Extracting by manifest.
842 silly tarball no local data for @eslint-community/eslint-utils@https://registry.npmjs.org/@eslint-community/eslint-utils/-/eslint-utils-4.9.1.tgz. Extracting by manifest.
843 silly tarball no local data for @eslint/config-array@https://registry.npmjs.org/@eslint/config-array/-/config-array-0.21.2.tgz. Extracting by manifest.
844 silly tarball no local data for @eslint/config-helpers@https://registry.npmjs.org/@eslint/config-helpers/-/config-helpers-0.4.2.tgz. Extracting by manifest.
845 silly tarball no local data for @eslint-community/regexpp@https://registry.npmjs.org/@eslint-community/regexpp/-/regexpp-4.12.2.tgz. Extracting by manifest.
846 silly tarball no local data for @emnapi/wasi-threads@https://registry.npmjs.org/@emnapi/wasi-threads/-/wasi-threads-1.2.1.tgz. Extracting by manifest.
847 silly tarball no local data for @emnapi/runtime@https://registry.npmjs.org/@emnapi/runtime/-/runtime-1.9.2.tgz. Extracting by manifest.
848 silly tarball no local data for @emnapi/core@https://registry.npmjs.org/@emnapi/core/-/core-1.9.2.tgz. Extracting by manifest.
849 silly tarball no local data for @babel/types@https://registry.npmjs.org/@babel/types/-/types-7.29.0.tgz. Extracting by manifest.
850 silly tarball no local data for @babel/traverse@https://registry.npmjs.org/@babel/traverse/-/traverse-7.29.0.tgz. Extracting by manifest.
851 silly tarball no local data for @babel/template@https://registry.npmjs.org/@babel/template/-/template-7.28.6.tgz. Extracting by manifest.
852 silly tarball no local data for @babel/parser@https://registry.npmjs.org/@babel/parser/-/parser-7.29.2.tgz. Extracting by manifest.
853 silly tarball no local data for @babel/helper-validator-option@https://registry.npmjs.org/@babel/helper-validator-option/-/helper-validator-option-7.27.1.tgz. Extracting by manifest.
854 silly tarball no local data for @babel/helpers@https://registry.npmjs.org/@babel/helpers/-/helpers-7.29.2.tgz. Extracting by manifest.
855 silly tarball no local data for @babel/helper-module-transforms@https://registry.npmjs.org/@babel/helper-module-transforms/-/helper-module-transforms-7.28.6.tgz. Extracting by manifest.
856 silly tarball no local data for @babel/helper-validator-identifier@https://registry.npmjs.org/@babel/helper-validator-identifier/-/helper-validator-identifier-7.28.5.tgz. Extracting by manifest.
857 silly tarball no local data for @babel/helper-string-parser@https://registry.npmjs.org/@babel/helper-string-parser/-/helper-string-parser-7.27.1.tgz. Extracting by manifest.
858 silly tarball no local data for @babel/helper-globals@https://registry.npmjs.org/@babel/helper-globals/-/helper-globals-7.28.0.tgz. Extracting by manifest.
859 silly tarball no local data for @babel/helper-module-imports@https://registry.npmjs.org/@babel/helper-module-imports/-/helper-module-imports-7.28.6.tgz. Extracting by manifest.
860 silly tarball no local data for @babel/helper-compilation-targets@https://registry.npmjs.org/@babel/helper-compilation-targets/-/helper-compilation-targets-7.28.6.tgz. Extracting by manifest.
861 silly tarball no local data for @babel/generator@https://registry.npmjs.org/@babel/generator/-/generator-7.29.1.tgz. Extracting by manifest.
862 silly tarball no local data for @babel/core@https://registry.npmjs.org/@babel/core/-/core-7.29.0.tgz. Extracting by manifest.
863 silly tarball no local data for @babel/compat-data@https://registry.npmjs.org/@babel/compat-data/-/compat-data-7.29.0.tgz. Extracting by manifest.
864 silly tarball no local data for @babel/code-frame@https://registry.npmjs.org/@babel/code-frame/-/code-frame-7.29.0.tgz. Extracting by manifest.
865 silly tarball no local data for fdir@https://registry.npmjs.org/fdir/-/fdir-6.5.0.tgz. Extracting by manifest.
866 silly tarball no local data for @alloc/quick-lru@https://registry.npmjs.org/@alloc/quick-lru/-/quick-lru-5.2.0.tgz. Extracting by manifest.
867 silly tarball no local data for picomatch@https://registry.npmjs.org/picomatch/-/picomatch-4.0.4.tgz. Extracting by manifest.
868 silly tarball no local data for semver@https://registry.npmjs.org/semver/-/semver-7.7.4.tgz. Extracting by manifest.
869 silly tarball no local data for json5@https://registry.npmjs.org/json5/-/json5-1.0.2.tgz. Extracting by manifest.
870 silly tarball no local data for semver@https://registry.npmjs.org/semver/-/semver-7.7.4.tgz. Extracting by manifest.
871 silly tarball no local data for glob-parent@https://registry.npmjs.org/glob-parent/-/glob-parent-5.1.2.tgz. Extracting by manifest.
872 silly tarball no local data for debug@https://registry.npmjs.org/debug/-/debug-3.2.7.tgz. Extracting by manifest.
873 silly tarball no local data for debug@https://registry.npmjs.org/debug/-/debug-3.2.7.tgz. Extracting by manifest.
874 silly tarball no local data for globals@https://registry.npmjs.org/globals/-/globals-16.4.0.tgz. Extracting by manifest.
875 silly tarball no local data for debug@https://registry.npmjs.org/debug/-/debug-3.2.7.tgz. Extracting by manifest.
876 silly tarball no local data for eslint-visitor-keys@https://registry.npmjs.org/eslint-visitor-keys/-/eslint-visitor-keys-5.0.1.tgz. Extracting by manifest.
877 silly tarball no local data for semver@https://registry.npmjs.org/semver/-/semver-7.7.4.tgz. Extracting by manifest.
878 silly tarball no local data for minimatch@https://registry.npmjs.org/minimatch/-/minimatch-10.2.5.tgz. Extracting by manifest.
879 silly tarball no local data for brace-expansion@https://registry.npmjs.org/brace-expansion/-/brace-expansion-5.0.6.tgz. Extracting by manifest.
880 silly tarball no local data for balanced-match@https://registry.npmjs.org/balanced-match/-/balanced-match-4.0.4.tgz. Extracting by manifest.
881 silly tarball no local data for eslint-visitor-keys@https://registry.npmjs.org/eslint-visitor-keys/-/eslint-visitor-keys-3.4.3.tgz. Extracting by manifest.
882 silly tarball no local data for ignore@https://registry.npmjs.org/ignore/-/ignore-7.0.5.tgz. Extracting by manifest.
883 http fetch GET https://registry.npmjs.org/zod-validation-error/-/zod-validation-error-4.0.2.tgz attempt 1 failed with EAI_AGAIN
884 http fetch GET https://registry.npmjs.org/zod/-/zod-4.3.6.tgz attempt 1 failed with EAI_AGAIN
885 http fetch GET https://registry.npmjs.org/yallist/-/yallist-3.1.1.tgz attempt 1 failed with EAI_AGAIN
886 http fetch GET https://registry.npmjs.org/yocto-queue/-/yocto-queue-0.1.0.tgz attempt 1 failed with EAI_AGAIN
887 http fetch GET https://registry.npmjs.org/word-wrap/-/word-wrap-1.2.5.tgz attempt 1 failed with EAI_AGAIN
888 http fetch GET https://registry.npmjs.org/which-typed-array/-/which-typed-array-1.1.20.tgz attempt 1 failed with EAI_AGAIN
889 http fetch GET https://registry.npmjs.org/which-collection/-/which-collection-1.0.2.tgz attempt 1 failed with EAI_AGAIN
890 http fetch GET https://registry.npmjs.org/which-builtin-type/-/which-builtin-type-1.2.1.tgz attempt 1 failed with EAI_AGAIN
891 http fetch GET https://registry.npmjs.org/which-boxed-primitive/-/which-boxed-primitive-1.1.1.tgz attempt 1 failed with EAI_AGAIN
892 http fetch GET https://registry.npmjs.org/which/-/which-2.0.2.tgz attempt 1 failed with EAI_AGAIN
893 http fetch GET https://registry.npmjs.org/update-browserslist-db/-/update-browserslist-db-1.2.3.tgz attempt 1 failed with EAI_AGAIN
894 http fetch GET https://registry.npmjs.org/uri-js/-/uri-js-4.4.1.tgz attempt 1 failed with EAI_AGAIN
895 http fetch GET https://registry.npmjs.org/unbox-primitive/-/unbox-primitive-1.1.0.tgz attempt 1 failed with EAI_AGAIN
896 http fetch GET https://registry.npmjs.org/unrs-resolver/-/unrs-resolver-1.11.1.tgz attempt 1 failed with EAI_AGAIN
897 http fetch GET https://registry.npmjs.org/undici-types/-/undici-types-6.21.0.tgz attempt 1 failed with EAI_AGAIN
898 http fetch GET https://registry.npmjs.org/npm attempt 2 failed with EAI_AGAIN
899 http fetch GET https://registry.npmjs.org/zod-validation-error/-/zod-validation-error-4.0.2.tgz attempt 2 failed with EAI_AGAIN
900 http fetch GET https://registry.npmjs.org/zod/-/zod-4.3.6.tgz attempt 2 failed with EAI_AGAIN
901 http fetch GET https://registry.npmjs.org/yallist/-/yallist-3.1.1.tgz attempt 2 failed with EAI_AGAIN
902 http fetch GET https://registry.npmjs.org/yocto-queue/-/yocto-queue-0.1.0.tgz attempt 2 failed with EAI_AGAIN
903 http fetch GET https://registry.npmjs.org/word-wrap/-/word-wrap-1.2.5.tgz attempt 2 failed with EAI_AGAIN
904 http fetch GET https://registry.npmjs.org/which-typed-array/-/which-typed-array-1.1.20.tgz attempt 2 failed with EAI_AGAIN
905 http fetch GET https://registry.npmjs.org/which-collection/-/which-collection-1.0.2.tgz attempt 2 failed with EAI_AGAIN
906 http fetch GET https://registry.npmjs.org/which-builtin-type/-/which-builtin-type-1.2.1.tgz attempt 2 failed with EAI_AGAIN
907 http fetch GET https://registry.npmjs.org/which-boxed-primitive/-/which-boxed-primitive-1.1.1.tgz attempt 2 failed with EAI_AGAIN
908 http fetch GET https://registry.npmjs.org/which/-/which-2.0.2.tgz attempt 2 failed with EAI_AGAIN
909 http fetch GET https://registry.npmjs.org/update-browserslist-db/-/update-browserslist-db-1.2.3.tgz attempt 2 failed with EAI_AGAIN
910 http fetch GET https://registry.npmjs.org/uri-js/-/uri-js-4.4.1.tgz attempt 2 failed with EAI_AGAIN
911 http fetch GET https://registry.npmjs.org/unbox-primitive/-/unbox-primitive-1.1.0.tgz attempt 2 failed with EAI_AGAIN
912 http fetch GET https://registry.npmjs.org/unrs-resolver/-/unrs-resolver-1.11.1.tgz attempt 2 failed with EAI_AGAIN
913 http fetch GET https://registry.npmjs.org/undici-types/-/undici-types-6.21.0.tgz attempt 2 failed with EAI_AGAIN
914 http fetch GET https://registry.npmjs.org/npm attempt 3 failed with EAI_AGAIN
915 http fetch GET https://registry.npmjs.org/zod-validation-error/-/zod-validation-error-4.0.2.tgz attempt 3 failed with EAI_AGAIN
916 http fetch GET https://registry.npmjs.org/zod/-/zod-4.3.6.tgz attempt 3 failed with EAI_AGAIN
917 http fetch GET https://registry.npmjs.org/yallist/-/yallist-3.1.1.tgz attempt 3 failed with EAI_AGAIN
918 http fetch GET https://registry.npmjs.org/yocto-queue/-/yocto-queue-0.1.0.tgz attempt 3 failed with EAI_AGAIN
919 http fetch GET https://registry.npmjs.org/word-wrap/-/word-wrap-1.2.5.tgz attempt 3 failed with EAI_AGAIN
920 http fetch GET https://registry.npmjs.org/which-typed-array/-/which-typed-array-1.1.20.tgz attempt 3 failed with EAI_AGAIN
921 http fetch GET https://registry.npmjs.org/which-collection/-/which-collection-1.0.2.tgz attempt 3 failed with EAI_AGAIN
922 http fetch GET https://registry.npmjs.org/which-builtin-type/-/which-builtin-type-1.2.1.tgz attempt 3 failed with EAI_AGAIN
923 http fetch GET https://registry.npmjs.org/which-boxed-primitive/-/which-boxed-primitive-1.1.1.tgz attempt 3 failed with EAI_AGAIN
924 http fetch GET https://registry.npmjs.org/which/-/which-2.0.2.tgz attempt 3 failed with EAI_AGAIN
925 http fetch GET https://registry.npmjs.org/update-browserslist-db/-/update-browserslist-db-1.2.3.tgz attempt 3 failed with EAI_AGAIN
926 http fetch GET https://registry.npmjs.org/uri-js/-/uri-js-4.4.1.tgz attempt 3 failed with EAI_AGAIN
927 http fetch GET https://registry.npmjs.org/unbox-primitive/-/unbox-primitive-1.1.0.tgz attempt 3 failed with EAI_AGAIN
928 http fetch GET https://registry.npmjs.org/unrs-resolver/-/unrs-resolver-1.11.1.tgz attempt 3 failed with EAI_AGAIN
929 http fetch GET https://registry.npmjs.org/undici-types/-/undici-types-6.21.0.tgz attempt 3 failed with EAI_AGAIN
930 verbose cwd /home/alex/seo-codex/.runtime/workspaces/algeria-melbet-20260729-065753
931 verbose os Linux 7.0.0-28-generic
932 verbose node v22.23.1
933 verbose npm  v10.9.8
934 error Exit handler never called!
935 error This is an error with npm itself. Please report this error at:
936 error   <https://github.com/npm/cli/issues>
937 verbose exit 1
938 verbose code 1
939 error A complete log of this run can be found in: /home/alex/seo-codex/.runtime/workspaces/algeria-melbet-20260729-065753/.npm-cache/_logs/2026-07-29T07_13_00_993Z-debug-0.log
